train_id,latitude,longitude,timestamp,speed,track_id,signal_status,direction,distance_to_next_train,time_to_next_signal,weather_condition,signal_visible,brake_applied,anomaly
100000,18.717070539197863,74.18128507171755,2025-01-01 00:00:00,20,A,GREEN,W,0.41,128,rain,0,0,signal_violation
100001,18.66463322366706,74.1483042552233,2025-01-01 00:01:00,21,B,RED,S,1.62,43,rain,0,1,overspeed
100002,18.796683784662758,74.25121613768289,2025-01-01 00:02:00,93,B,GREEN,W,1.1,71,clear,0,1,none
100003,18.713585486451297,74.23013061653613,2025-01-01 00:03:00,61,B,GREEN,N,2.34,96,fog,0,0,none
100004,18.541284680027754,74.04188945891312,2025-01-01 00:04:00,30,A,GREEN,E,4.85,161,clear,0,0,none
100005,18.62528941015623,73.99190871850611,2025-01-01 00:05:00,75,A,YELLOW,N,4.63,9,fog,0,0,none
100006,18.50892275048212,74.19193001384394,2025-01-01 00:06:00,56,A,RED,E,2.65,25,clear,1,1,signal_violation
100007,18.896356341648968,73.82870724212478,2025-01-01 00:07:00,94,A,GREEN,N,2.62,11,storm,1,1,none
100008,18.68484900566807,73.98506165649516,2025-01-01 00:08:00,42,A,GREEN,N,3.95,173,clear,0,0,none
100009,18.84371111163056,74.14843866156741,2025-01-01 00:09:00,24,A,GREEN,S,0.3,162,fog,0,1,none
100010,18.92632086701992,74.10767498803584,2025-01-01 00:10:00,83,A,GREEN,N,4.03,49,rain,0,0,none
100011,18.94493949539634,74.30075316568826,2025-01-01 00:11:00,38,C,RED,S,3.71,89,clear,1,1,none
100012,18.826110820007216,73.91865970846696,2025-01-01 00:12:00,87,C,YELLOW,W,4.32,15,fog,1,0,none
100013,18.69975813870672,73.94208461142493,2025-01-01 00:13:00,39,A,YELLOW,E,3.92,120,fog,0,1,none
100014,18.933328980574345,73.92679678244949,2025-01-01 00:14:00,78,C,GREEN,E,1.99,168,storm,1,0,none
100015,18.76284983879514,74.2063381531528,2025-01-01 00:15:00,43,A,GREEN,N,1.97,153,fog,0,1,none
100016,18.89717937193604,74.15143632804204,2025-01-01 00:16:00,97,C,RED,W,1.52,55,fog,1,0,none
100017,18.526084258905534,74.08994780106428,2025-01-01 00:17:00,28,B,YELLOW,N,1.52,32,clear,1,0,none
100018,18.72564231991877,74.1935503146506,2025-01-01 00:18:00,98,A,GREEN,E,0.5,10,fog,0,1,none
100019,18.66259161525441,74.21534079238097,2025-01-01 00:19:00,26,A,GREEN,S,2.99,15,clear,1,0,overspeed
100020,18.788455639076037,74.21118969821036,2025-01-01 00:20:00,74,B,GREEN,S,2.22,175,storm,0,0,none
100021,18.681036052604746,74.29245174945619,2025-01-01 00:21:00,65,A,RED,N,2.93,17,rain,1,1,none
100022,18.572069577752266,74.02896831596546,2025-01-01 00:22:00,72,C,RED,W,1.14,85,clear,0,1,none
100023,18.808142204768235,73.92639062205839,2025-01-01 00:23:00,84,B,RED,N,0.18,143,storm,1,0,none
100024,18.84163486112451,74.09225215222136,2025-01-01 00:24:00,71,B,GREEN,E,0.25,121,rain,0,0,none
100025,18.812211723718995,73.8948356768318,2025-01-01 00:25:00,44,B,GREEN,W,0.88,63,storm,1,1,none
100026,18.931279763867966,74.28503583240223,2025-01-01 00:26:00,40,A,YELLOW,E,4.33,77,clear,1,0,none
100027,18.5757288351737,74.09130485170425,2025-01-01 00:27:00,36,B,YELLOW,N,3.68,6,storm,0,0,none
100028,18.530636058248547,73.8902700481522,2025-01-01 00:28:00,72,C,GREEN,E,1.07,57,fog,0,1,none
100029,18.81547872689356,73.96179016333673,2025-01-01 00:29:00,82,C,GREEN,E,2.8,135,clear,1,1,none
100030,18.89332782021671,74.23263341858836,2025-01-01 00:30:00,72,B,RED,S,1.97,142,clear,1,1,none
100031,18.60198620177883,73.9227489417681,2025-01-01 00:31:00,97,C,YELLOW,S,1.03,44,rain,1,1,none
100032,18.563817608794544,74.06662053865139,2025-01-01 00:32:00,76,A,YELLOW,S,1.45,94,fog,0,1,none
100033,18.74413598349111,74.13877147718068,2025-01-01 00:33:00,61,B,YELLOW,E,2.94,142,rain,0,1,none
100034,18.86442707667276,73.85561368715335,2025-01-01 00:34:00,73,B,RED,E,0.96,5,rain,0,1,none
100035,18.99695946913759,74.03655331088548,2025-01-01 00:35:00,79,C,GREEN,W,4.97,177,fog,0,1,none
100036,18.920608616936466,74.25328623227404,2025-01-01 00:36:00,24,C,GREEN,S,0.7,84,clear,0,0,none
100037,18.86861690165075,74.29142899606921,2025-01-01 00:37:00,61,B,YELLOW,N,0.63,46,storm,1,0,none
100038,18.71228074004996,73.88759391213809,2025-01-01 00:38:00,43,A,GREEN,W,1.96,117,rain,0,1,none
100039,18.585951525314524,73.96589935561946,2025-01-01 00:39:00,48,C,GREEN,E,4.49,83,rain,0,0,none
100040,18.98941773547455,74.0120111364928,2025-01-01 00:40:00,31,A,GREEN,W,2.29,180,storm,0,1,none
100041,18.83154951663225,74.14963524619833,2025-01-01 00:41:00,41,B,RED,E,0.85,32,clear,0,0,none
100042,18.622377747711692,74.03079748526751,2025-01-01 00:42:00,69,A,RED,N,4.4,50,rain,1,1,none
100043,18.82542449051878,74.25953023986638,2025-01-01 00:43:00,63,C,YELLOW,N,0.34,91,clear,1,1,none
100044,18.767804930017377,74.02781131046115,2025-01-01 00:44:00,31,C,YELLOW,W,0.97,107,storm,0,0,none
100045,18.795013517763245,74.26273420608027,2025-01-01 00:45:00,31,C,YELLOW,E,1.34,133,storm,0,1,none
100046,18.876847516284464,74.14453269130331,2025-01-01 00:46:00,74,B,YELLOW,N,4.54,64,rain,1,1,none
100047,18.811683039444926,74.0510361285182,2025-01-01 00:47:00,47,A,GREEN,E,2.11,90,rain,0,1,none
100048,18.925916054133317,74.18746878747173,2025-01-01 00:48:00,77,C,RED,E,0.4,151,clear,0,0,none
100049,18.7031495307999,74.09197294286535,2025-01-01 00:49:00,22,B,YELLOW,E,3.44,122,clear,1,0,none
100050,18.68433545983377,74.05833684880137,2025-01-01 00:50:00,29,A,YELLOW,W,3.97,26,clear,0,1,none
100051,18.607975992293255,73.90523511764586,2025-01-01 00:51:00,20,A,RED,N,4.36,95,storm,0,1,none
100052,18.647004002402173,74.10171179724608,2025-01-01 00:52:00,72,B,RED,W,1.98,46,fog,0,0,none
100053,18.656564212684813,73.97258710964427,2025-01-01 00:53:00,78,A,RED,S,0.86,151,clear,1,1,none
100054,18.603808201714262,73.87716006914444,2025-01-01 00:54:00,41,B,GREEN,S,1.18,169,fog,0,1,none
100055,18.528135600910808,74.21195764889096,2025-01-01 00:55:00,54,A,GREEN,S,3.1,124,clear,1,1,none
100056,18.718520974167184,74.1870187521946,2025-01-01 00:56:00,79,B,GREEN,N,2.14,62,storm,1,1,none
100057,18.87074620794055,73.8537370527725,2025-01-01 00:57:00,40,C,RED,S,3.79,113,storm,1,1,none
100058,18.901564320943972,74.17789474371224,2025-01-01 00:58:00,57,A,RED,S,4.67,109,clear,0,1,none
100059,18.604776350135552,74.21435454192246,2025-01-01 00:59:00,76,B,YELLOW,S,0.82,101,clear,0,1,none
100060,18.94766782494257,73.85565061511811,2025-01-01 00:00:00,94,A,GREEN,W,2.79,44,clear,1,0,none
100061,18.646556497667476,73.92298331493974,2025-01-01 00:01:00,74,A,RED,W,0.28,62,fog,1,0,none
100062,18.53878498853351,73.81955391953122,2025-01-01 00:02:00,62,A,YELLOW,N,0.15,9,rain,1,0,none
100063,18.946766793961995,73.97512590066378,2025-01-01 00:03:00,88,C,YELLOW,E,4.52,81,rain,1,0,none
100064,18.81090162199859,74.27419404782155,2025-01-01 00:04:00,55,C,GREEN,W,1.03,96,clear,1,1,none
100065,18.98485399740204,74.01293088140342,2025-01-01 00:05:00,33,C,RED,W,1.45,80,storm,1,1,none
100066,18.919068248849946,74.23925740105592,2025-01-01 00:06:00,26,B,RED,N,4.61,89,clear,0,0,none
100067,18.89226563067569,74.11815719308487,2025-01-01 00:07:00,71,C,RED,S,1.86,76,storm,1,1,none
100068,18.759519417211003,73.81521177601935,2025-01-01 00:08:00,31,B,RED,E,1.6,30,clear,0,0,none
100069,18.589421924970733,73.96255834333013,2025-01-01 00:09:00,94,A,GREEN,S,4.58,174,storm,0,0,none
100070,18.75682368361176,74.10045470988125,2025-01-01 00:10:00,63,B,GREEN,S,0.86,22,fog,0,1,none
100071,18.578062759167235,74.22001623372257,2025-01-01 00:11:00,25,B,YELLOW,W,3.77,31,rain,1,1,none
100072,18.70448730458003,73.87832607554576,2025-01-01 00:12:00,93,A,RED,N,4.51,8,clear,0,0,none
100073,18.808080053040978,74.0942302891518,2025-01-01 00:13:00,70,C,GREEN,S,1.67,59,rain,0,0,none
100074,18.56498804296066,74.19483908154791,2025-01-01 00:14:00,29,B,GREEN,N,4.38,173,rain,0,0,none
100075,18.804736075010563,74.24532471694761,2025-01-01 00:15:00,76,C,GREEN,S,1.19,43,rain,0,0,none
100076,18.730583702983747,73.86415490132279,2025-01-01 00:16:00,40,B,YELLOW,W,1.87,77,clear,1,1,none
100077,18.629864248222773,74.16303010718651,2025-01-01 00:17:00,76,B,RED,S,4.62,113,fog,1,0,none
100078,18.510469451344377,73.87965587467126,2025-01-01 00:18:00,43,B,YELLOW,W,0.49,141,fog,0,0,none
100079,18.583404822015115,74.0213617780018,2025-01-01 00:19:00,30,B,GREEN,E,4.56,170,fog,0,1,track_conflict
100080,18.752429166039715,73.89575180348393,2025-01-01 00:20:00,40,B,GREEN,W,5.0,49,storm,1,1,signal_violation
100081,18.80066866448058,74.24047105839969,2025-01-01 00:21:00,38,B,GREEN,W,0.27,116,fog,0,1,none
100082,18.995144257833015,74.12617407142854,2025-01-01 00:22:00,67,A,YELLOW,N,1.08,116,fog,1,0,none
100083,18.7432228920368,74.24782521714857,2025-01-01 00:23:00,79,B,RED,S,4.45,27,storm,0,1,none
100084,18.95899425764471,74.0895182373584,2025-01-01 00:24:00,99,C,YELLOW,N,0.83,29,clear,1,0,none
100085,18.59768708716917,73.87500348000677,2025-01-01 00:25:00,49,B,YELLOW,S,3.55,152,rain,0,0,none
100086,18.990673050114157,74.09961478686124,2025-01-01 00:26:00,34,A,YELLOW,N,2.52,35,clear,1,1,none
100087,18.654416015011133,73.83937616657498,2025-01-01 00:27:00,44,C,RED,E,0.48,36,clear,0,1,track_conflict
100088,18.991952569296764,73.94135582373598,2025-01-01 00:28:00,78,B,GREEN,N,4.62,105,storm,0,1,none
100089,18.96959305494029,74.24523125874924,2025-01-01 00:29:00,59,C,YELLOW,E,2.0,161,rain,0,1,none
100090,18.721373882762965,73.84515991995221,2025-01-01 00:30:00,82,A,YELLOW,E,0.62,156,rain,1,0,none
100091,18.537064761921123,74.14720600732213,2025-01-01 00:31:00,52,C,RED,W,1.34,143,clear,1,0,none
100092,18.858823020042966,73.96963025168908,2025-01-01 00:32:00,67,B,RED,S,3.66,5,clear,0,0,none
100093,18.6967628910177,74.25954784067952,2025-01-01 00:33:00,83,C,RED,S,4.14,91,clear,0,1,none
100094,18.81724393518608,74.04058334646217,2025-01-01 00:34:00,40,C,YELLOW,E,2.81,30,clear,0,0,none
100095,18.86062423959078,74.06020234375445,2025-01-01 00:35:00,46,C,GREEN,E,0.63,162,rain,1,1,none
100096,18.945445823210413,74.28994915610964,2025-01-01 00:36:00,58,A,YELLOW,E,4.94,63,rain,1,1,track_conflict
100097,18.827381171223447,73.92916974605123,2025-01-01 00:37:00,88,B,YELLOW,N,1.84,165,storm,1,0,none
100098,18.62442876446387,74.06501270831082,2025-01-01 00:38:00,87,A,GREEN,W,0.49,87,fog,1,1,signal_violation
100099,18.991838013238993,74.22985272244786,2025-01-01 00:39:00,65,C,YELLOW,N,0.71,48,fog,1,1,none
100100,18.693887756689918,73.9296570626608,2025-01-01 00:40:00,25,C,GREEN,S,1.05,98,storm,0,1,none
100101,18.981990260565844,73.87407995293418,2025-01-01 00:41:00,86,A,GREEN,E,3.54,30,clear,1,0,none
100102,18.775915673897764,74.10403796518284,2025-01-01 00:42:00,49,A,YELLOW,N,4.63,177,rain,1,1,signal_violation
100103,18.665996151054507,73.96532138533303,2025-01-01 00:43:00,27,A,YELLOW,S,4.84,129,clear,1,1,none
100104,18.558316475920428,74.0642144458766,2025-01-01 00:44:00,31,B,GREEN,N,4.14,153,clear,1,1,none
100105,18.9471023932992,73.82619413786993,2025-01-01 00:45:00,62,C,GREEN,W,0.6,146,rain,0,1,none
100106,18.55753230308866,73.98422730179739,2025-01-01 00:46:00,60,C,YELLOW,S,3.62,32,rain,0,0,none
100107,18.610985242534458,73.98017391934727,2025-01-01 00:47:00,97,B,GREEN,E,2.89,139,clear,0,0,none
100108,18.980840602984987,73.95520905081447,2025-01-01 00:48:00,77,A,YELLOW,S,3.97,92,fog,0,1,none
100109,18.83168536631226,74.22395021364395,2025-01-01 00:49:00,30,A,GREEN,S,0.68,117,storm,0,1,none
100110,18.64457200341943,74.12888251067882,2025-01-01 00:50:00,25,B,YELLOW,S,0.66,102,clear,1,1,none
100111,18.864017956523885,73.88717353293524,2025-01-01 00:51:00,23,C,GREEN,E,1.57,58,clear,0,0,none
100112,18.51280676641647,74.07704946740886,2025-01-01 00:52:00,23,C,RED,E,1.28,165,clear,0,1,none
100113,18.776878347125006,74.01096044140785,2025-01-01 00:53:00,47,B,GREEN,S,3.97,114,storm,1,0,none
100114,18.949763524505645,73.89736223187097,2025-01-01 00:54:00,38,A,RED,W,4.62,39,fog,0,1,none
100115,18.690257891721906,73.93853849198587,2025-01-01 00:55:00,40,B,RED,S,1.78,52,rain,0,1,none
100116,18.957611314614457,73.92065797782574,2025-01-01 00:56:00,44,C,RED,N,3.9,90,clear,1,1,none
100117,18.66100404463587,74.22647469917919,2025-01-01 00:57:00,32,C,GREEN,E,4.53,96,fog,0,1,none
100118,18.834961919068526,74.02045483051711,2025-01-01 00:58:00,24,C,YELLOW,N,2.32,131,fog,0,0,none
100119,18.789638630868705,74.03662051782551,2025-01-01 00:59:00,60,C,YELLOW,E,4.36,147,clear,0,0,none
100120,18.676119432407624,74.05278686216498,2025-01-01 00:00:00,72,A,YELLOW,W,4.12,18,storm,0,1,none
100121,18.607704771683434,73.99649702053478,2025-01-01 00:01:00,93,A,RED,S,3.41,110,storm,1,0,none
100122,18.55936523745557,74.10750661860772,2025-01-01 00:02:00,42,B,GREEN,N,4.27,161,clear,1,1,none
100123,18.654570838035937,73.93216729482982,2025-01-01 00:03:00,42,B,RED,E,3.77,114,rain,0,0,none
100124,18.531022795898117,74.19943170582704,2025-01-01 00:04:00,60,A,RED,N,2.5,98,fog,1,0,none
100125,18.83337969305432,73.90240510854247,2025-01-01 00:05:00,27,B,YELLOW,S,4.23,147,storm,1,1,none
100126,18.795543241550607,73.8792335964803,2025-01-01 00:06:00,42,B,GREEN,E,3.08,50,rain,0,0,none
100127,18.511201642038227,73.99765697744411,2025-01-01 00:07:00,33,B,RED,W,4.47,165,fog,1,0,none
100128,18.92040707162175,73.85803344519452,2025-01-01 00:08:00,56,A,YELLOW,N,2.26,96,clear,1,1,track_conflict
100129,18.8457776160568,74.12320826446303,2025-01-01 00:09:00,95,B,RED,W,2.91,88,rain,0,1,none
100130,18.874986639461113,74.28180946180267,2025-01-01 00:10:00,95,C,GREEN,N,4.37,144,storm,1,1,none
100131,18.57648767208146,74.28589475819199,2025-01-01 00:11:00,42,C,GREEN,E,3.53,152,rain,1,0,none
100132,18.617540696695958,73.84973926669444,2025-01-01 00:12:00,24,A,GREEN,E,0.99,164,fog,1,1,none
100133,18.879398742828847,73.79740990569769,2025-01-01 00:13:00,50,A,RED,N,2.69,118,storm,1,1,none
100134,18.606226617588185,73.94154556419592,2025-01-01 00:14:00,47,A,RED,E,2.75,67,rain,1,0,none
100135,18.75443739536049,73.83970109003262,2025-01-01 00:15:00,75,C,GREEN,E,4.5,172,clear,1,1,none
100136,18.86159079159461,74.13696585319144,2025-01-01 00:16:00,23,C,RED,E,4.21,178,clear,1,0,signal_violation
100137,18.557229246466147,73.90671679306155,2025-01-01 00:17:00,76,C,RED,N,1.4,158,storm,0,0,none
100138,18.916037038816356,73.82633954427116,2025-01-01 00:18:00,45,A,GREEN,E,2.52,61,rain,0,0,signal_violation
100139,18.94760402785058,73.98489506430272,2025-01-01 00:19:00,69,B,RED,S,2.29,68,rain,0,1,signal_violation
100140,18.968743860569717,73.89491946102866,2025-01-01 00:20:00,51,A,RED,S,4.4,172,clear,1,0,none
100141,18.940200478751304,73.84011023699455,2025-01-01 00:21:00,59,B,GREEN,S,2.19,57,rain,1,1,none
100142,18.9672154394219,74.09826706952121,2025-01-01 00:22:00,56,C,GREEN,N,3.59,52,rain,0,1,none
100143,18.66479545190459,73.83934881971986,2025-01-01 00:23:00,22,B,YELLOW,E,0.4,107,rain,0,0,none
100144,18.840838884983803,73.95251210684853,2025-01-01 00:24:00,23,C,GREEN,S,4.69,21,storm,0,1,none
100145,18.847937190932523,74.13052854452646,2025-01-01 00:25:00,42,A,RED,E,0.76,82,storm,1,0,none
100146,18.78473982762556,74.07167033640947,2025-01-01 00:26:00,51,B,GREEN,E,3.43,31,storm,0,1,none
100147,18.68092752820518,73.839362065315,2025-01-01 00:27:00,70,C,GREEN,E,3.73,176,rain,0,1,none
100148,18.517154085905815,74.14914087091528,2025-01-01 00:28:00,98,B,RED,N,1.4,78,rain,1,1,none
100149,18.96205492225577,73.97372144165189,2025-01-01 00:29:00,67,A,RED,W,4.6,26,clear,0,0,none
100150,18.622866584725386,74.10225808474172,2025-01-01 00:30:00,77,A,RED,N,3.45,71,fog,0,0,none
100151,18.718130214632414,74.08278297692908,2025-01-01 00:31:00,33,C,RED,S,0.88,65,clear,1,0,none
100152,18.621475445553283,74.05588702646125,2025-01-01 00:32:00,53,C,YELLOW,W,4.48,61,clear,1,0,none
100153,18.669663177182567,74.12611822638223,2025-01-01 00:33:00,72,A,GREEN,W,2.99,82,storm,0,1,none
100154,18.64227974917146,74.13956128405366,2025-01-01 00:34:00,43,B,GREEN,N,1.88,65,storm,0,1,none
100155,18.985984262767953,73.92292057321895,2025-01-01 00:35:00,57,A,RED,E,4.69,113,clear,0,0,none
100156,18.55879131152709,73.99222786376608,2025-01-01 00:36:00,60,C,YELLOW,N,3.96,172,clear,0,1,signal_violation
100157,18.98306902325307,74.04609196873919,2025-01-01 00:37:00,93,C,GREEN,W,1.58,101,storm,0,1,none
100158,18.571475979217475,73.92483725254812,2025-01-01 00:38:00,99,A,YELLOW,E,1.66,148,clear,0,1,none
100159,18.586959319027006,74.11882314329748,2025-01-01 00:39:00,89,A,RED,E,0.64,47,fog,0,1,none
100160,18.52018268479506,74.27298631222597,2025-01-01 00:40:00,69,A,YELLOW,S,4.36,174,clear,0,1,none
100161,18.953380752897804,74.20848080510756,2025-01-01 00:41:00,81,A,RED,W,0.52,133,storm,1,0,none
100162,18.953560672831895,74.03493783537807,2025-01-01 00:42:00,94,C,YELLOW,E,2.96,110,fog,0,1,none
100163,18.518558730743553,74.22037096073458,2025-01-01 00:43:00,52,B,RED,W,3.75,88,rain,0,0,none
100164,18.862160804489914,74.19079839390098,2025-01-01 00:44:00,90,A,GREEN,S,3.75,125,storm,1,1,none
100165,18.717360440774176,73.9127057038273,2025-01-01 00:45:00,75,A,GREEN,N,0.77,148,fog,0,1,none
100166,18.571248061934202,74.16964065390587,2025-01-01 00:46:00,46,C,YELLOW,W,0.84,20,fog,1,1,none
100167,18.684942309182233,73.99023782519154,2025-01-01 00:47:00,56,A,YELLOW,S,1.21,102,fog,1,1,none
100168,18.984493076807468,73.80689202378447,2025-01-01 00:48:00,96,C,RED,E,1.45,113,clear,0,1,none
100169,18.557081645714792,74.05682971495538,2025-01-01 00:49:00,77,A,YELLOW,W,0.74,52,rain,1,1,none
100170,18.745958470203473,73.97767689779444,2025-01-01 00:50:00,28,C,GREEN,N,1.42,173,rain,1,0,none
100171,18.51862332361523,74.08796447938784,2025-01-01 00:51:00,53,A,GREEN,W,4.43,62,storm,0,1,none
100172,18.863536727746432,74.17254916980946,2025-01-01 00:52:00,64,A,YELLOW,E,4.89,14,storm,1,1,none
100173,18.782956136330718,74.09032673419782,2025-01-01 00:53:00,20,B,GREEN,N,3.87,108,fog,1,1,none
100174,18.663822897890476,73.94159947667512,2025-01-01 00:54:00,47,C,YELLOW,E,1.1,115,fog,0,1,none
100175,18.636164506449163,74.07916894920918,2025-01-01 00:55:00,95,B,RED,N,3.81,149,clear,0,0,none
100176,18.590395687964882,74.14912950701351,2025-01-01 00:56:00,63,A,YELLOW,N,4.52,69,storm,0,1,none
100177,18.752447073615805,74.22237289678301,2025-01-01 00:57:00,82,B,YELLOW,W,3.88,84,clear,0,1,none
100178,18.961004526341533,74.22819283515975,2025-01-01 00:58:00,28,B,RED,E,0.84,115,rain,1,1,none
100179,18.52065445993361,74.11152779263938,2025-01-01 00:59:00,23,B,GREEN,W,3.24,21,rain,0,0,none
100180,18.967110226763776,73.80720492553266,2025-01-01 00:00:00,38,B,YELLOW,N,0.64,36,storm,0,1,none
100181,18.84866578089183,74.21080334824006,2025-01-01 00:01:00,70,A,YELLOW,N,0.46,72,storm,0,0,none
100182,18.64710432605396,73.99666799441313,2025-01-01 00:02:00,54,C,YELLOW,E,0.71,52,storm,0,1,none
100183,18.70714622673336,73.9293661919077,2025-01-01 00:03:00,70,A,RED,N,0.52,59,rain,1,0,none
100184,18.600139071010897,74.17922835581696,2025-01-01 00:04:00,70,C,RED,S,1.79,177,rain,0,0,none
100185,18.741891562840525,74.23435324274799,2025-01-01 00:05:00,85,C,RED,N,2.87,36,fog,0,1,none
100186,18.954026946093023,73.87330067501115,2025-01-01 00:06:00,25,B,YELLOW,E,3.15,146,clear,0,0,none
100187,18.577863331568217,73.9868632331079,2025-01-01 00:07:00,46,C,GREEN,N,1.76,70,storm,0,1,none
100188,18.514726227785662,74.2387514265093,2025-01-01 00:08:00,99,B,YELLOW,W,3.82,166,storm,1,0,none
100189,18.739661747381348,74.06050768355094,2025-01-01 00:09:00,30,C,RED,S,1.78,152,rain,0,0,none
100190,18.603784913831003,74.07295688567712,2025-01-01 00:10:00,54,A,GREEN,E,1.31,75,clear,1,1,none
100191,18.537317419180273,73.88603791992546,2025-01-01 00:11:00,74,C,RED,W,4.12,102,storm,1,1,none
100192,18.813979333196926,74.17274627340994,2025-01-01 00:12:00,45,C,YELLOW,W,3.92,79,clear,0,1,signal_violation
100193,18.982010145211845,73.89916455548406,2025-01-01 00:13:00,25,B,RED,W,0.68,47,clear,1,0,none
100194,18.510069317039935,73.95795711935705,2025-01-01 00:14:00,78,B,GREEN,S,3.37,40,clear,1,0,signal_violation
100195,18.89070193507469,74.0217629273217,2025-01-01 00:15:00,92,C,RED,N,0.25,138,storm,0,1,signal_violation
100196,18.808902232979623,74.2771214816855,2025-01-01 00:16:00,87,B,GREEN,N,3.4,132,rain,1,1,none
100197,18.58098285740456,73.8787827635752,2025-01-01 00:17:00,86,C,YELLOW,S,4.32,45,rain,1,1,none
100198,18.926165255183108,73.96697038083589,2025-01-01 00:18:00,21,A,GREEN,S,2.18,88,storm,0,1,none
100199,18.913227535505918,73.94592875387255,2025-01-01 00:19:00,46,A,YELLOW,E,4.9,80,clear,0,0,none
100200,18.706301691749907,74.17788874935763,2025-01-01 00:20:00,20,A,GREEN,W,0.41,128,rain,0,0,none
100201,18.679002435669577,74.13093913365782,2025-01-01 00:21:00,21,B,RED,S,1.62,43,rain,0,1,none
100202,18.78682542246358,74.25970930471776,2025-01-01 00:22:00,93,B,GREEN,W,1.1,71,clear,0,1,none
100203,18.716125776324663,74.24192108641417,2025-01-01 00:23:00,61,B,GREEN,N,2.34,96,fog,0,0,none
100204,18.545799917721894,74.03148887285076,2025-01-01 00:24:00,30,A,GREEN,E,4.85,161,clear,0,0,none
100205,18.621851645525215,73.98961142435996,2025-01-01 00:25:00,75,A,YELLOW,N,4.63,9,fog,0,0,none
100206,18.518059345207078,74.19022547889527,2025-01-01 00:26:00,56,A,RED,E,2.65,25,clear,1,1,none
100207,18.89548755619766,73.81758899656718,2025-01-01 00:27:00,94,A,GREEN,N,2.62,11,storm,1,1,none
100208,18.679527525121784,73.98531654553435,2025-01-01 00:28:00,42,A,GREEN,N,3.95,173,clear,0,0,none
100209,18.85042480054558,74.1503708287499,2025-01-01 00:29:00,24,A,GREEN,S,0.3,162,fog,0,1,none
100210,18.93086970319179,74.09784956853953,2025-01-01 00:30:00,83,A,GREEN,N,4.03,49,rain,0,0,none
100211,18.940675592378877,74.30736076293262,2025-01-01 00:31:00,38,C,RED,S,3.71,89,clear,1,1,none
100212,18.831161295761817,73.93154260644533,2025-01-01 00:32:00,87,C,YELLOW,W,4.32,15,fog,1,0,none
100213,18.71129727602753,73.9433102569376,2025-01-01 00:33:00,39,A,YELLOW,E,3.92,120,fog,0,1,none
100214,18.925395070864678,73.9296861183829,2025-01-01 00:34:00,78,C,GREEN,E,1.99,168,storm,1,0,none
100215,18.769174330870847,74.19853984200634,2025-01-01 00:35:00,43,A,GREEN,N,1.97,153,fog,0,1,none
100216,18.914453256630686,74.15158598952848,2025-01-01 00:36:00,97,C,RED,W,1.52,55,fog,1,0,none
100217,18.53263304774585,74.0905515300815,2025-01-01 00:37:00,28,B,YELLOW,N,1.52,32,clear,1,0,signal_violation
100218,18.744543910424234,74.20515072119768,2025-01-01 00:38:00,98,A,GREEN,E,0.5,10,fog,0,1,none
100219,18.655406664150377,74.21992938178833,2025-01-01 00:39:00,26,A,GREEN,S,2.99,15,clear,1,0,none
100220,18.78258161608836,74.21354088822562,2025-01-01 00:40:00,74,B,GREEN,S,2.22,175,storm,0,0,none
100221,18.66959604920352,74.29476970082885,2025-01-01 00:41:00,65,A,RED,N,2.93,17,rain,1,1,none
100222,18.5696343956232,74.01710176530702,2025-01-01 00:42:00,72,C,RED,W,1.14,85,clear,0,1,none
100223,18.817447209771732,73.92718910691049,2025-01-01 00:43:00,84,B,RED,N,0.18,143,storm,1,0,none
100224,18.851341072972414,74.0926249538212,2025-01-01 00:44:00,71,B,GREEN,E,0.25,121,rain,0,0,none
100225,18.80767038049847,73.90388261184583,2025-01-01 00:45:00,44,B,GREEN,W,0.88,63,storm,1,1,none
100226,18.93098026559064,74.286188374232,2025-01-01 00:46:00,40,A,YELLOW,E,4.33,77,clear,1,0,none
100227,18.582781662304622,74.10567520146378,2025-01-01 00:47:00,36,B,YELLOW,N,3.68,6,storm,0,0,none
100228,18.53147241198003,73.87715942466234,2025-01-01 00:48:00,72,C,GREEN,E,1.07,57,fog,0,1,none
100229,18.818793039430886,73.95628364914943,2025-01-01 00:49:00,82,C,GREEN,E,2.8,135,clear,1,1,none
100230,18.898496735322,74.22648397468053,2025-01-01 00:50:00,72,B,RED,S,1.97,142,clear,1,1,none
100231,18.60680898192476,73.93949346980135,2025-01-01 00:51:00,97,C,YELLOW,S,1.03,44,rain,1,1,none
100232,18.56964826448767,74.05852870867353,2025-01-01 00:52:00,76,A,YELLOW,S,1.45,94,fog,0,1,none
100233,18.734154897587256,74.12838959692287,2025-01-01 00:53:00,61,B,YELLOW,E,2.94,142,rain,0,1,none
100234,18.861698672559484,73.85807826471051,2025-01-01 00:54:00,73,B,RED,E,0.96,5,rain,0,1,none
100235,18.994115558170268,74.03187730174612,2025-01-01 00:55:00,79,C,GREEN,W,4.97,177,fog,0,1,none
100236,18.91264787900491,74.25569537588093,2025-01-01 00:56:00,24,C,GREEN,S,0.7,84,clear,0,0,none
100237,18.87282270334686,74.28308989934133,2025-01-01 00:57:00,61,B,YELLOW,N,0.63,46,storm,1,0,none
100238,18.70918318853238,73.88167928404823,2025-01-01 00:58:00,43,A,GREEN,W,1.96,117,rain,0,1,none
100239,18.57469092565812,73.98200863455058,2025-01-01 00:59:00,48,C,GREEN,E,4.49,83,rain,0,0,none
100240,18.979810007237894,74.01098013353234,2025-01-01 00:00:00,31,A,GREEN,W,2.29,180,storm,0,1,none
100241,18.83611488657615,74.15849989427248,2025-01-01 00:01:00,41,B,RED,E,0.85,32,clear,0,0,none
100242,18.61578225049236,74.03150591459429,2025-01-01 00:02:00,69,A,RED,N,4.4,50,rain,1,1,none
100243,18.82351202401401,74.25906624333379,2025-01-01 00:03:00,63,C,YELLOW,N,0.34,91,clear,1,1,none
100244,18.769417540524486,74.03267857097268,2025-01-01 00:04:00,31,C,YELLOW,W,0.97,107,storm,0,0,none
100245,18.79320896171864,74.2641262484535,2025-01-01 00:05:00,31,C,YELLOW,E,1.34,133,storm,0,1,none
100246,18.873344547338725,74.14756049679472,2025-01-01 00:06:00,74,B,YELLOW,N,4.54,64,rain,1,1,none
100247,18.821826388884652,74.04985289773423,2025-01-01 00:07:00,47,A,GREEN,E,2.11,90,rain,0,1,none
100248,18.91901956734193,74.18333584171992,2025-01-01 00:08:00,77,C,RED,E,0.4,151,clear,0,0,none
100249,18.69231986009564,74.08298876720971,2025-01-01 00:09:00,22,B,YELLOW,E,3.44,122,clear,1,0,none
100250,18.681488866267102,74.05201591645316,2025-01-01 00:10:00,29,A,YELLOW,W,3.97,26,clear,0,1,none
100251,18.61433806921534,73.91102128564793,2025-01-01 00:11:00,20,A,RED,N,4.36,95,storm,0,1,none
100252,18.640452600488786,74.10920367602365,2025-01-01 00:12:00,72,B,RED,W,1.98,46,fog,0,0,none
100253,18.66540605544255,73.98878709046281,2025-01-01 00:13:00,78,A,RED,S,0.86,151,clear,1,1,none
100254,18.600349258299975,73.87611259894376,2025-01-01 00:14:00,41,B,GREEN,S,1.18,169,fog,0,1,none
100255,18.534093482338633,74.21560536180617,2025-01-01 00:15:00,54,A,GREEN,S,3.1,124,clear,1,1,none
100256,18.729113584843248,74.18068797443296,2025-01-01 00:16:00,79,B,GREEN,N,2.14,62,storm,1,1,none
100257,18.86538030050848,73.84694386798306,2025-01-01 00:17:00,40,C,RED,S,3.79,113,storm,1,1,none
100258,18.907534114160644,74.16944100267747,2025-01-01 00:18:00,57,A,RED,S,4.67,109,clear,0,1,none
100259,18.593941613821553,74.22286515263463,2025-01-01 00:19:00,76,B,YELLOW,S,0.82,101,clear,0,1,overspeed
100260,18.943572425658708,73.86011509797717,2025-01-01 00:20:00,94,A,GREEN,W,2.79,44,clear,1,0,none
100261,18.6566649602334,73.92871333133692,2025-01-01 00:21:00,74,A,RED,W,0.28,62,fog,1,0,none
100262,18.540022205314045,73.81462516830082,2025-01-01 00:22:00,62,A,YELLOW,N,0.15,9,rain,1,0,none
100263,18.96135969970822,73.97651657614553,2025-01-01 00:23:00,88,C,YELLOW,E,4.52,81,rain,1,0,none
100264,18.81157483493431,74.2733942122132,2025-01-01 00:24:00,55,C,GREEN,W,1.03,96,clear,1,1,none
100265,18.975921438441635,74.0096656237356,2025-01-01 00:25:00,33,C,RED,W,1.45,80,storm,1,1,none
100266,18.904646514645275,74.23426282527365,2025-01-01 00:26:00,26,B,RED,N,4.61,89,clear,0,0,none
100267,18.899448155347617,74.10529367868779,2025-01-01 00:27:00,71,C,RED,S,1.86,76,storm,1,1,none
100268,18.749324242330374,73.824530307964,2025-01-01 00:28:00,31,B,RED,E,1.6,30,clear,0,0,none
100269,18.576660640014737,73.96785574720921,2025-01-01 00:29:00,94,A,GREEN,S,4.58,174,storm,0,0,none
100270,18.748979441405577,74.10055093892154,2025-01-01 00:30:00,63,B,GREEN,S,0.86,22,fog,0,1,none
100271,18.57350811274731,74.21121568602551,2025-01-01 00:31:00,25,B,YELLOW,W,3.77,31,rain,1,1,none
100272,18.700026362549867,73.88775190651423,2025-01-01 00:32:00,93,A,RED,N,4.51,8,clear,0,0,signal_violation
100273,18.808514614860496,74.09908487413428,2025-01-01 00:33:00,70,C,GREEN,S,1.67,59,rain,0,0,none
100274,18.55054330382506,74.19087092895334,2025-01-01 00:34:00,29,B,GREEN,N,4.38,173,rain,0,0,none
100275,18.807462148625834,74.22782182012783,2025-01-01 00:35:00,76,C,GREEN,S,1.19,43,rain,0,0,none
100276,18.7243007616781,73.86128046082604,2025-01-01 00:36:00,40,B,YELLOW,W,1.87,77,clear,1,1,none
100277,18.627264344136904,74.1753269386503,2025-01-01 00:37:00,76,B,RED,S,4.62,113,fog,1,0,none
100278,18.500829331157696,73.88027430033297,2025-01-01 00:38:00,43,B,YELLOW,W,0.49,141,fog,0,0,track_conflict
100279,18.564560769080728,74.01692475660626,2025-01-01 00:39:00,30,B,GREEN,E,4.56,170,fog,0,1,none
100280,18.747148469264843,73.90721958316793,2025-01-01 00:40:00,40,B,GREEN,W,5.0,49,storm,1,1,none
100281,18.814478109222186,74.23234139238714,2025-01-01 00:41:00,38,B,GREEN,W,0.27,116,fog,0,1,none
100282,19.003368998611503,74.12319182783621,2025-01-01 00:42:00,67,A,YELLOW,N,1.08,116,fog,1,0,none
100283,18.73754296013881,74.24268673282326,2025-01-01 00:43:00,79,B,RED,S,4.45,27,storm,0,1,none
100284,18.967836019198423,74.08139616905149,2025-01-01 00:44:00,99,C,YELLOW,N,0.83,29,clear,1,0,none
100285,18.595980572078393,73.8762779019397,2025-01-01 00:45:00,49,B,YELLOW,S,3.55,152,rain,0,0,none
100286,19.009029808121007,74.0976549792926,2025-01-01 00:46:00,34,A,YELLOW,N,2.52,35,clear,1,1,none
100287,18.662550068340455,73.83282760583367,2025-01-01 00:47:00,44,C,RED,E,0.48,36,clear,0,1,none
100288,19.00081018505941,73.9387028459845,2025-01-01 00:48:00,78,B,GREEN,N,4.62,105,storm,0,1,none
100289,18.98396521864729,74.24985723290104,2025-01-01 00:49:00,59,C,YELLOW,E,2.0,161,rain,0,1,none
100290,18.71764458294257,73.83689974417292,2025-01-01 00:50:00,82,A,YELLOW,E,0.62,156,rain,1,0,none
100291,18.5328752043556,74.15116577230269,2025-01-01 00:51:00,52,C,RED,W,1.34,143,clear,1,0,none
100292,18.8423132287868,73.9667906148553,2025-01-01 00:52:00,67,B,RED,S,3.66,5,clear,0,0,none
100293,18.679402517721986,74.2661705454409,2025-01-01 00:53:00,83,C,RED,S,4.14,91,clear,0,1,none
100294,18.812128258983638,74.04160228085138,2025-01-01 00:54:00,40,C,YELLOW,E,2.81,30,clear,0,0,none
100295,18.877833380885328,74.06078935771981,2025-01-01 00:55:00,46,C,GREEN,E,0.63,162,rain,1,1,none
100296,18.947537922717533,74.29421271245286,2025-01-01 00:56:00,58,A,YELLOW,E,4.94,63,rain,1,1,none
100297,18.8109784386525,73.93742270938195,2025-01-01 00:57:00,88,B,YELLOW,N,1.84,165,storm,1,0,none
100298,18.6244421807059,74.05731380324485,2025-01-01 00:58:00,87,A,GREEN,W,0.49,87,fog,1,1,none
100299,18.99208918349221,74.21980021817063,2025-01-01 00:59:00,65,C,YELLOW,N,0.71,48,fog,1,1,none
100300,18.6964688150838,73.9425093111527,2025-01-01 00:00:00,25,C,GREEN,S,1.05,98,storm,0,1,none
100301,18.98613120230563,73.85989954767383,2025-01-01 00:01:00,86,A,GREEN,E,3.54,30,clear,1,0,none
100302,18.770242522191452,74.09380675334998,2025-01-01 00:02:00,49,A,YELLOW,N,4.63,177,rain,1,1,none
100303,18.66714215889945,73.9684233948597,2025-01-01 00:03:00,27,A,YELLOW,S,4.84,129,clear,1,1,none
100304,18.566162306701326,74.0770557310597,2025-01-01 00:04:00,31,B,GREEN,N,4.14,153,clear,1,1,none
100305,18.956195380207067,73.82850767663685,2025-01-01 00:05:00,62,C,GREEN,W,0.6,146,rain,0,1,none
100306,18.56329633320298,73.99666883809519,2025-01-01 00:06:00,60,C,YELLOW,S,3.62,32,rain,0,0,none
100307,18.60840612393227,73.97872574355203,2025-01-01 00:07:00,97,B,GREEN,E,2.89,139,clear,0,0,none
100308,18.966234577831383,73.9431549471916,2025-01-01 00:08:00,77,A,YELLOW,S,3.97,92,fog,0,1,none
100309,18.826878409274425,74.2326327726611,2025-01-01 00:09:00,30,A,GREEN,S,0.68,117,storm,0,1,none
100310,18.64137416376469,74.13266060179694,2025-01-01 00:10:00,25,B,YELLOW,S,0.66,102,clear,1,1,none
100311,18.871759694167796,73.89542411615294,2025-01-01 00:11:00,23,C,GREEN,E,1.57,58,clear,0,0,none
100312,18.496630446238008,74.07431578732493,2025-01-01 00:12:00,23,C,RED,E,1.28,165,clear,0,1,none
100313,18.790046522800214,74.01635508895409,2025-01-01 00:13:00,47,B,GREEN,S,3.97,114,storm,1,0,none
100314,18.949062778106164,73.90718578274391,2025-01-01 00:14:00,38,A,RED,W,4.62,39,fog,0,1,none
100315,18.683101079357975,73.93710012509955,2025-01-01 00:15:00,40,B,RED,S,1.78,52,rain,0,1,none
100316,18.94503555187891,73.91271270445769,2025-01-01 00:16:00,44,C,RED,N,3.9,90,clear,1,1,none
100317,18.661443071049344,74.21323198238333,2025-01-01 00:17:00,32,C,GREEN,E,4.53,96,fog,0,1,none
100318,18.829118280382822,74.03562792208088,2025-01-01 00:18:00,24,C,YELLOW,N,2.32,131,fog,0,0,none
100319,18.798970304140283,74.03692336076998,2025-01-01 00:19:00,60,C,YELLOW,E,4.36,147,clear,0,0,none
100320,18.675134884076027,74.05183430508472,2025-01-01 00:20:00,72,A,YELLOW,W,4.12,18,storm,0,1,none
100321,18.59902914820624,73.98961568831997,2025-01-01 00:21:00,93,A,RED,S,3.41,110,storm,1,0,none
100322,18.548917663871286,74.10442545676152,2025-01-01 00:22:00,42,B,GREEN,N,4.27,161,clear,1,1,none
100323,18.652180369045603,73.93267612128314,2025-01-01 00:23:00,42,B,RED,E,3.77,114,rain,0,0,none
100324,18.529662289957734,74.20731482067032,2025-01-01 00:24:00,60,A,RED,N,2.5,98,fog,1,0,signal_violation
100325,18.83436190138657,73.89671016379467,2025-01-01 00:25:00,27,B,YELLOW,S,4.23,147,storm,1,1,none
100326,18.795756895426877,73.88107969162688,2025-01-01 00:26:00,42,B,GREEN,E,3.08,50,rain,0,0,none
100327,18.519020279833388,74.00778244514467,2025-01-01 00:27:00,33,B,RED,W,4.47,165,fog,1,0,none
100328,18.932424745317178,73.8655627598042,2025-01-01 00:28:00,56,A,YELLOW,N,2.26,96,clear,1,1,none
100329,18.84989031226862,74.12418956661902,2025-01-01 00:29:00,95,B,RED,W,2.91,88,rain,0,1,none
100330,18.88240483895256,74.27443148607881,2025-01-01 00:30:00,95,C,GREEN,N,4.37,144,storm,1,1,none
100331,18.56369163749526,74.28647616829183,2025-01-01 00:31:00,42,C,GREEN,E,3.53,152,rain,1,0,none
100332,18.620494442742217,73.84930993838945,2025-01-01 00:32:00,24,A,GREEN,E,0.99,164,fog,1,1,none
100333,18.879382531990302,73.80771507643063,2025-01-01 00:33:00,50,A,RED,N,2.69,118,storm,1,1,none
100334,18.603522316364884,73.9414264918194,2025-01-01 00:34:00,47,A,RED,E,2.75,67,rain,1,0,none
100335,18.748860539098548,73.84580916360295,2025-01-01 00:35:00,75,C,GREEN,E,4.5,172,clear,1,1,none
100336,18.87713073290868,74.12747875302645,2025-01-01 00:36:00,23,C,RED,E,4.21,178,clear,1,0,none
100337,18.55929909843262,73.90420693349131,2025-01-01 00:37:00,76,C,RED,N,1.4,158,storm,0,0,none
100338,18.922296848874787,73.80867666511173,2025-01-01 00:38:00,45,A,GREEN,E,2.52,61,rain,0,0,none
100339,18.951722577780433,73.97067391058881,2025-01-01 00:39:00,69,B,RED,S,2.29,68,rain,0,1,none
100340,18.962273016965256,73.913149440338,2025-01-01 00:40:00,51,A,RED,S,4.4,172,clear,1,0,none
100341,18.93656538810654,73.8379267319091,2025-01-01 00:41:00,59,B,GREEN,S,2.19,57,rain,1,1,signal_violation
100342,18.975178459138835,74.10321024097355,2025-01-01 00:42:00,56,C,GREEN,N,3.59,52,rain,0,1,overspeed
100343,18.669334154289015,73.8573548382655,2025-01-01 00:43:00,22,B,YELLOW,E,0.4,107,rain,0,0,none
100344,18.852500609717985,73.96411641599126,2025-01-01 00:44:00,23,C,GREEN,S,4.69,21,storm,0,1,none
100345,18.84342390677815,74.14595165818203,2025-01-01 00:45:00,42,A,RED,E,0.76,82,storm,1,0,none
100346,18.771305160845806,74.06884920447743,2025-01-01 00:46:00,51,B,GREEN,E,3.43,31,storm,0,1,none
100347,18.67705286167094,73.82504701483806,2025-01-01 00:47:00,70,C,GREEN,E,3.73,176,rain,0,1,none
100348,18.515948233857234,74.14302109709756,2025-01-01 00:48:00,98,B,RED,N,1.4,78,rain,1,1,none
100349,18.965230550972855,73.96879760233341,2025-01-01 00:49:00,67,A,RED,W,4.6,26,clear,0,0,none
100350,18.624696646189726,74.09304476101478,2025-01-01 00:50:00,77,A,RED,N,3.45,71,fog,0,0,signal_violation
100351,18.71822225097901,74.07999305166497,2025-01-01 00:51:00,33,C,RED,S,0.88,65,clear,1,0,none
100352,18.613094774240164,74.06499744009487,2025-01-01 00:52:00,53,C,YELLOW,W,4.48,61,clear,1,0,none
100353,18.659452053496214,74.1127475568457,2025-01-01 00:53:00,72,A,GREEN,W,2.99,82,storm,0,1,none
100354,18.63851959514614,74.13704147164859,2025-01-01 00:54:00,43,B,GREEN,N,1.88,65,storm,0,1,none
100355,18.994194866049497,73.92442893170609,2025-01-01 00:55:00,57,A,RED,E,4.69,113,clear,0,0,none
100356,18.560392745995596,73.98223274659665,2025-01-01 00:56:00,60,C,YELLOW,N,3.96,172,clear,0,1,none
100357,18.98203834329476,74.05452052861868,2025-01-01 00:57:00,93,C,GREEN,W,1.58,101,storm,0,1,none
100358,18.574198438440266,73.92042660576998,2025-01-01 00:58:00,99,A,YELLOW,E,1.66,148,clear,0,1,none
100359,18.586889993559403,74.125513803898,2025-01-01 00:59:00,89,A,RED,E,0.64,47,fog,0,1,none
100360,18.526385948740312,74.28574849056204,2025-01-01 00:00:00,69,A,YELLOW,S,4.36,174,clear,0,1,none
100361,18.948672970803667,74.20247323658572,2025-01-01 00:01:00,81,A,RED,W,0.52,133,storm,1,0,none
100362,18.9587361663973,74.04205445084864,2025-01-01 00:02:00,94,C,YELLOW,E,2.96,110,fog,0,1,none
100363,18.525560194780617,74.22648715208919,2025-01-01 00:03:00,52,B,RED,W,3.75,88,rain,0,0,none
100364,18.872444485077082,74.1969566466159,2025-01-01 00:04:00,90,A,GREEN,S,3.75,125,storm,1,1,none
100365,18.721077551493902,73.91195888205522,2025-01-01 00:05:00,75,A,GREEN,N,0.77,148,fog,0,1,none
100366,18.568603267170644,74.16550193516655,2025-01-01 00:06:00,46,C,YELLOW,W,0.84,20,fog,1,1,none
100367,18.69633858757317,73.99396337149435,2025-01-01 00:07:00,56,A,YELLOW,S,1.21,102,fog,1,1,none
100368,18.980453508317655,73.80788733151385,2025-01-01 00:08:00,96,C,RED,E,1.45,113,clear,0,1,none
100369,18.549864205850575,74.04108692562724,2025-01-01 00:09:00,77,A,YELLOW,W,0.74,52,rain,1,1,none
100370,18.739366404091264,73.9715479915783,2025-01-01 00:10:00,28,C,GREEN,N,1.42,173,rain,1,0,none
100371,18.530600049021835,74.09004008185586,2025-01-01 00:11:00,53,A,GREEN,W,4.43,62,storm,0,1,none
100372,18.864546014438982,74.18050968170323,2025-01-01 00:12:00,64,A,YELLOW,E,4.89,14,storm,1,1,none
100373,18.78360263996895,74.08148608862302,2025-01-01 00:13:00,20,B,GREEN,N,3.87,108,fog,1,1,none
100374,18.658683254784304,73.93185898530083,2025-01-01 00:14:00,47,C,YELLOW,E,1.1,115,fog,0,1,none
100375,18.627114028714335,74.07556457080142,2025-01-01 00:15:00,95,B,RED,N,3.81,149,clear,0,0,none
100376,18.579885954508782,74.14105126340809,2025-01-01 00:16:00,63,A,YELLOW,N,4.52,69,storm,0,1,none
100377,18.74242457652275,74.20685024105153,2025-01-01 00:17:00,82,B,YELLOW,W,3.88,84,clear,0,1,signal_violation
100378,18.95277721540129,74.22648922515445,2025-01-01 00:18:00,28,B,RED,E,0.84,115,rain,1,1,none
100379,18.537257672242895,74.1013266891961,2025-01-01 00:19:00,23,B,GREEN,W,3.24,21,rain,0,0,none
100380,18.96600614835237,73.80135148912471,2025-01-01 00:20:00,38,B,YELLOW,N,0.64,36,storm,0,1,none
100381,18.839700804998103,74.21535196303509,2025-01-01 00:21:00,70,A,YELLOW,N,0.46,72,storm,0,0,none
100382,18.666441637642844,74.00925365775264,2025-01-01 00:22:00,54,C,YELLOW,E,0.71,52,storm,0,1,none
100383,18.692853047516973,73.91884558127926,2025-01-01 00:23:00,70,A,RED,N,0.52,59,rain,1,0,none
100384,18.60078881288321,74.18876171936047,2025-01-01 00:24:00,70,C,RED,S,1.79,177,rain,0,0,none
100385,18.729039809945093,74.23349502411328,2025-01-01 00:25:00,85,C,RED,N,2.87,36,fog,0,1,track_conflict
100386,18.962360628683097,73.86876634923368,2025-01-01 00:26:00,25,B,YELLOW,E,3.15,146,clear,0,0,none
100387,18.575210916504865,73.97975287568993,2025-01-01 00:27:00,46,C,GREEN,N,1.76,70,storm,0,1,none
100388,18.529066908491977,74.2456356133672,2025-01-01 00:28:00,99,B,YELLOW,W,3.82,166,storm,1,0,none
100389,18.73898743389412,74.06124831659369,2025-01-01 00:29:00,30,C,RED,S,1.78,152,rain,0,0,overspeed
100390,18.601358703160855,74.08521476941401,2025-01-01 00:30:00,54,A,GREEN,E,1.31,75,clear,1,1,none
100391,18.54381741198159,73.88671167256742,2025-01-01 00:31:00,74,C,RED,W,4.12,102,storm,1,1,none
100392,18.813000317955687,74.16284516636462,2025-01-01 00:32:00,45,C,YELLOW,W,3.92,79,clear,0,1,none
100393,18.96860490103043,73.91123453142218,2025-01-01 00:33:00,25,B,RED,W,0.68,47,clear,1,0,none
100394,18.510213341034948,73.95380159681166,2025-01-01 00:34:00,78,B,GREEN,S,3.37,40,clear,1,0,none
100395,18.877201050154483,74.0232508949768,2025-01-01 00:35:00,92,C,RED,N,0.25,138,storm,0,1,none
100396,18.817350759244484,74.27598659101679,2025-01-01 00:36:00,87,B,GREEN,N,3.4,132,rain,1,1,none
100397,18.57336539753446,73.87711847008545,2025-01-01 00:37:00,86,C,YELLOW,S,4.32,45,rain,1,1,none
100398,18.926474134863987,73.9684481954443,2025-01-01 00:38:00,21,A,GREEN,S,2.18,88,storm,0,1,none
100399,18.90660668477719,73.94487326040223,2025-01-01 00:39:00,46,A,YELLOW,E,4.9,80,clear,0,0,none
100400,18.709998272010115,74.17901187087591,2025-01-01 00:40:00,20,A,GREEN,W,0.41,128,rain,0,0,none
100401,18.668642086708207,74.14753108551052,2025-01-01 00:41:00,21,B,RED,S,1.62,43,rain,0,1,none
100402,18.793322367930024,74.26197648721985,2025-01-01 00:42:00,93,B,GREEN,W,1.1,71,clear,0,1,none
100403,18.717873985302777,74.23094701370196,2025-01-01 00:43:00,61,B,GREEN,N,2.34,96,fog,0,0,none
100404,18.547269281202837,74.03929700922207,2025-01-01 00:44:00,30,A,GREEN,E,4.85,161,clear,0,0,none
100405,18.623839151834364,73.98574492528823,2025-01-01 00:45:00,75,A,YELLOW,N,4.63,9,fog,0,0,none
100406,18.504082120289247,74.19508366877164,2025-01-01 00:46:00,56,A,RED,E,2.65,25,clear,1,1,none
100407,18.90028407729792,73.82842508778263,2025-01-01 00:47:00,94,A,GREEN,N,2.62,11,storm,1,1,none
100408,18.679721783234918,73.98050529011725,2025-01-01 00:48:00,42,A,GREEN,N,3.95,173,clear,0,0,none
100409,18.842489767393626,74.1402200670526,2025-01-01 00:49:00,24,A,GREEN,S,0.3,162,fog,0,1,none
100410,18.93011791908286,74.09255048191487,2025-01-01 00:50:00,83,A,GREEN,N,4.03,49,rain,0,0,none
100411,18.95283443388817,74.2999579685518,2025-01-01 00:51:00,38,C,RED,S,3.71,89,clear,1,1,none
100412,18.83730735757919,73.92222896857257,2025-01-01 00:52:00,87,C,YELLOW,W,4.32,15,fog,1,0,none
100413,18.714812193188905,73.95486268430079,2025-01-01 00:53:00,39,A,YELLOW,E,3.92,120,fog,0,1,none
100414,18.925612568366255,73.91749989917861,2025-01-01 00:54:00,78,C,GREEN,E,1.99,168,storm,1,0,none
100415,18.7715477108247,74.198669711246,2025-01-01 00:55:00,43,A,GREEN,N,1.97,153,fog,0,1,none
100416,18.905553632708997,74.15406360187954,2025-01-01 00:56:00,97,C,RED,W,1.52,55,fog,1,0,none
100417,18.540663094235736,74.08102071361155,2025-01-01 00:57:00,28,B,YELLOW,N,1.52,32,clear,1,0,none
100418,18.730289850686813,74.19777556321267,2025-01-01 00:58:00,98,A,GREEN,E,0.5,10,fog,0,1,none
100419,18.666341965818113,74.22329660125794,2025-01-01 00:59:00,26,A,GREEN,S,2.99,15,clear,1,0,signal_violation
100420,18.780206163577496,74.20727969144914,2025-01-01 00:00:00,74,B,GREEN,S,2.22,175,storm,0,0,none
100421,18.683343498909707,74.29887106040371,2025-01-01 00:01:00,65,A,RED,N,2.93,17,rain,1,1,none
100422,18.574220512894517,74.01778585576533,2025-01-01 00:02:00,72,C,RED,W,1.14,85,clear,0,1,none
100423,18.82243239806546,73.92768045777802,2025-01-01 00:03:00,84,B,RED,N,0.18,143,storm,1,0,none
100424,18.832996052694615,74.0821614663162,2025-01-01 00:04:00,71,B,GREEN,E,0.25,121,rain,0,0,none
100425,18.808815384285985,73.88921020880954,2025-01-01 00:05:00,44,B,GREEN,W,0.88,63,storm,1,1,none
100426,18.93736209726455,74.28532962207409,2025-01-01 00:06:00,40,A,YELLOW,E,4.33,77,clear,1,0,none
100427,18.563307120058575,74.09897962016079,2025-01-01 00:07:00,36,B,YELLOW,N,3.68,6,storm,0,0,none
100428,18.541606293382216,73.89038695760935,2025-01-01 00:08:00,72,C,GREEN,E,1.07,57,fog,0,1,none
100429,18.812000867318407,73.95200415653639,2025-01-01 00:09:00,82,C,GREEN,E,2.8,135,clear,1,1,none
100430,18.89332555407856,74.2193932394948,2025-01-01 00:10:00,72,B,RED,S,1.97,142,clear,1,1,none
100431,18.612777228533147,73.92178400716708,2025-01-01 00:11:00,97,C,YELLOW,S,1.03,44,rain,1,1,none
100432,18.573850229128297,74.06815838156498,2025-01-01 00:12:00,76,A,YELLOW,S,1.45,94,fog,0,1,none
100433,18.737483077230323,74.13156002415407,2025-01-01 00:13:00,61,B,YELLOW,E,2.94,142,rain,0,1,none
100434,18.8583634421372,73.86647693918145,2025-01-01 00:14:00,73,B,RED,E,0.96,5,rain,0,1,none
100435,18.990731253157254,74.03849832795264,2025-01-01 00:15:00,79,C,GREEN,W,4.97,177,fog,0,1,none
100436,18.91251117522645,74.25670061546805,2025-01-01 00:16:00,24,C,GREEN,S,0.7,84,clear,0,0,none
100437,18.87156189140369,74.28773997585438,2025-01-01 00:17:00,61,B,YELLOW,N,0.63,46,storm,1,0,none
100438,18.724111697046446,73.87837952028994,2025-01-01 00:18:00,43,A,GREEN,W,1.96,117,rain,0,1,none
100439,18.575124829227754,73.9808154146727,2025-01-01 00:19:00,48,C,GREEN,E,4.49,83,rain,0,0,track_conflict
100440,18.970033380354995,74.0093179474723,2025-01-01 00:20:00,31,A,GREEN,W,2.29,180,storm,0,1,signal_violation
100441,18.82756347143022,74.15530559445367,2025-01-01 00:21:00,41,B,RED,E,0.85,32,clear,0,0,none
100442,18.611797784283493,74.04545809422719,2025-01-01 00:22:00,69,A,RED,N,4.4,50,rain,1,1,none
100443,18.817065915964864,74.24902861373371,2025-01-01 00:23:00,63,C,YELLOW,N,0.34,91,clear,1,1,none
100444,18.758590927596874,74.03457753813244,2025-01-01 00:24:00,31,C,YELLOW,W,0.97,107,storm,0,0,track_conflict
100445,18.800598538808725,74.25478173121327,2025-01-01 00:25:00,31,C,YELLOW,E,1.34,133,storm,0,1,none
100446,18.874450608109488,74.1486319115893,2025-01-01 00:26:00,74,B,YELLOW,N,4.54,64,rain,1,1,none
100447,18.81231069716481,74.0485224843372,2025-01-01 00:27:00,47,A,GREEN,E,2.11,90,rain,0,1,none
100448,18.926895478061233,74.17937227962096,2025-01-01 00:28:00,77,C,RED,E,0.4,151,clear,0,0,signal_violation
100449,18.68666391307735,74.08221469744704,2025-01-01 00:29:00,22,B,YELLOW,E,3.44,122,clear,1,0,none
100450,18.67370750450557,74.067450199402,2025-01-01 00:30:00,29,A,YELLOW,W,3.97,26,clear,0,1,none
100451,18.61473803243106,73.90445149528243,2025-01-01 00:31:00,20,A,RED,N,4.36,95,storm,0,1,none
100452,18.656462922887354,74.11634908369741,2025-01-01 00:32:00,72,B,RED,W,1.98,46,fog,0,0,none
100453,18.65689255144279,73.97509546452238,2025-01-01 00:33:00,78,A,RED,S,0.86,151,clear,1,1,none
100454,18.60657010974832,73.87678060034554,2025-01-01 00:34:00,41,B,GREEN,S,1.18,169,fog,0,1,none
100455,18.536755809424317,74.22272623971942,2025-01-01 00:35:00,54,A,GREEN,S,3.1,124,clear,1,1,none
100456,18.72425654305843,74.1810273540495,2025-01-01 00:36:00,79,B,GREEN,N,2.14,62,storm,1,1,none
100457,18.867338064727495,73.85050811813387,2025-01-01 00:37:00,40,C,RED,S,3.79,113,storm,1,1,none
100458,18.894903131995296,74.18036175021759,2025-01-01 00:38:00,57,A,RED,S,4.67,109,clear,0,1,none
100459,18.601662760053618,74.21983107225793,2025-01-01 00:39:00,76,B,YELLOW,S,0.82,101,clear,0,1,none
100460,18.95511958582336,73.85719747701125,2025-01-01 00:40:00,94,A,GREEN,W,2.79,44,clear,1,0,none
100461,18.65089157882188,73.92664331142609,2025-01-01 00:41:00,74,A,RED,W,0.28,62,fog,1,0,none
100462,18.530830882675684,73.8061253243442,2025-01-01 00:42:00,62,A,YELLOW,N,0.15,9,rain,1,0,none
100463,18.95691383161355,73.97966503629881,2025-01-01 00:43:00,88,C,YELLOW,E,4.52,81,rain,1,0,none
100464,18.80861325852241,74.27963414757879,2025-01-01 00:44:00,55,C,GREEN,W,1.03,96,clear,1,1,none
100465,18.97938775972493,74.01750176741416,2025-01-01 00:45:00,33,C,RED,W,1.45,80,storm,1,1,none
100466,18.912234743918116,74.23931653554638,2025-01-01 00:46:00,26,B,RED,N,4.61,89,clear,0,0,none
100467,18.90519446113713,74.10957741504669,2025-01-01 00:47:00,71,C,RED,S,1.86,76,storm,1,1,signal_violation
100468,18.763798917536523,73.82299825941766,2025-01-01 00:48:00,31,B,RED,E,1.6,30,clear,0,0,none
100469,18.586425248189723,73.95688125041464,2025-01-01 00:49:00,94,A,GREEN,S,4.58,174,storm,0,0,none
100470,18.745090573134487,74.1139176321124,2025-01-01 00:50:00,63,B,GREEN,S,0.86,22,fog,0,1,none
100471,18.568686721414196,74.21434295385754,2025-01-01 00:51:00,25,B,YELLOW,W,3.77,31,rain,1,1,none
100472,18.700265661761428,73.88889820937784,2025-01-01 00:52:00,93,A,RED,N,4.51,8,clear,0,0,none
100473,18.80489943077431,74.09388957108393,2025-01-01 00:53:00,70,C,GREEN,S,1.67,59,rain,0,0,none
100474,18.56502357038096,74.19591900580141,2025-01-01 00:54:00,29,B,GREEN,N,4.38,173,rain,0,0,none
100475,18.800410298105383,74.24504597774757,2025-01-01 00:55:00,76,C,GREEN,S,1.19,43,rain,0,0,none
100476,18.718046381251952,73.87038130329097,2025-01-01 00:56:00,40,B,YELLOW,W,1.87,77,clear,1,1,none
100477,18.623994756588157,74.16583583074664,2025-01-01 00:57:00,76,B,RED,S,4.62,113,fog,1,0,none
100478,18.501711839158716,73.88437942476303,2025-01-01 00:58:00,43,B,YELLOW,W,0.49,141,fog,0,0,none
100479,18.5754056701613,74.02255400406618,2025-01-01 00:59:00,30,B,GREEN,E,4.56,170,fog,0,1,none
100480,18.74276809374825,73.90707287671361,2025-01-01 00:00:00,40,B,GREEN,W,5.0,49,storm,1,1,none
100481,18.806983435087474,74.23041286221724,2025-01-01 00:01:00,38,B,GREEN,W,0.27,116,fog,0,1,none
100482,19.00123336140349,74.13086811357532,2025-01-01 00:02:00,67,A,YELLOW,N,1.08,116,fog,1,0,none
100483,18.746210739552268,74.23513514611524,2025-01-01 00:03:00,79,B,RED,S,4.45,27,storm,0,1,none
100484,18.95741937299605,74.08571407644123,2025-01-01 00:04:00,99,C,YELLOW,N,0.83,29,clear,1,0,none
100485,18.588656739515603,73.87078284271145,2025-01-01 00:05:00,49,B,YELLOW,S,3.55,152,rain,0,0,none
100486,18.99752315480133,74.10158603533466,2025-01-01 00:06:00,34,A,YELLOW,N,2.52,35,clear,1,1,none
100487,18.659779000077037,73.84056694336644,2025-01-01 00:07:00,44,C,RED,E,0.48,36,clear,0,1,none
100488,19.005600660409137,73.93990673035614,2025-01-01 00:08:00,78,B,GREEN,N,4.62,105,storm,0,1,none
100489,18.982749433179954,74.23567610986152,2025-01-01 00:09:00,59,C,YELLOW,E,2.0,161,rain,0,1,none
100490,18.712350641371987,73.84500814860642,2025-01-01 00:10:00,82,A,YELLOW,E,0.62,156,rain,1,0,none
100491,18.53211330820953,74.13267071444535,2025-01-01 00:11:00,52,C,RED,W,1.34,143,clear,1,0,signal_violation
100492,18.856374362777046,73.96297634006285,2025-01-01 00:12:00,67,B,RED,S,3.66,5,clear,0,0,none
100493,18.695517932394807,74.26734725742693,2025-01-01 00:13:00,83,C,RED,S,4.14,91,clear,0,1,none
100494,18.820797925472117,74.02972162970342,2025-01-01 00:14:00,40,C,YELLOW,E,2.81,30,clear,0,0,none
100495,18.878372885343964,74.05781953426148,2025-01-01 00:15:00,46,C,GREEN,E,0.63,162,rain,1,1,none
100496,18.94526898195907,74.2871623292047,2025-01-01 00:16:00,58,A,YELLOW,E,4.94,63,rain,1,1,track_conflict
100497,18.825458408346893,73.944465304586,2025-01-01 00:17:00,88,B,YELLOW,N,1.84,165,storm,1,0,none
100498,18.616637137943567,74.05568894052759,2025-01-01 00:18:00,87,A,GREEN,W,0.49,87,fog,1,1,none
100499,19.002462909745212,74.22190704537147,2025-01-01 00:19:00,65,C,YELLOW,N,0.71,48,fog,1,1,none
100500,18.68894316796641,73.93227209204906,2025-01-01 00:20:00,25,C,GREEN,S,1.05,98,storm,0,1,none
100501,18.99814933120655,73.86768642083466,2025-01-01 00:21:00,86,A,GREEN,E,3.54,30,clear,1,0,none
100502,18.76600134753786,74.09657238326622,2025-01-01 00:22:00,49,A,YELLOW,N,4.63,177,rain,1,1,none
100503,18.661408235734353,73.95653650221834,2025-01-01 00:23:00,27,A,YELLOW,S,4.84,129,clear,1,1,none
100504,18.56337366520645,74.07636245215339,2025-01-01 00:24:00,31,B,GREEN,N,4.14,153,clear,1,1,none
100505,18.940171307353445,73.83929103103294,2025-01-01 00:25:00,62,C,GREEN,W,0.6,146,rain,0,1,none
100506,18.551890148452554,73.99111333777292,2025-01-01 00:26:00,60,C,YELLOW,S,3.62,32,rain,0,0,none
100507,18.594848464329853,73.97271427505989,2025-01-01 00:27:00,97,B,GREEN,E,2.89,139,clear,0,0,none
100508,18.976001877949102,73.9559753990316,2025-01-01 00:28:00,77,A,YELLOW,S,3.97,92,fog,0,1,none
100509,18.826562311886754,74.22271089047898,2025-01-01 00:29:00,30,A,GREEN,S,0.68,117,storm,0,1,none
100510,18.639680797768545,74.13899025508272,2025-01-01 00:30:00,25,B,YELLOW,S,0.66,102,clear,1,1,none
100511,18.87356009213107,73.88865256053948,2025-01-01 00:31:00,23,C,GREEN,E,1.57,58,clear,0,0,none
100512,18.508883449282205,74.07227025667258,2025-01-01 00:32:00,23,C,RED,E,1.28,165,clear,0,1,track_conflict
100513,18.7894311025871,74.00149203945689,2025-01-01 00:33:00,47,B,GREEN,S,3.97,114,storm,1,0,none
100514,18.95647044211283,73.89473614488602,2025-01-01 00:34:00,38,A,RED,W,4.62,39,fog,0,1,none
100515,18.682938013561557,73.9303176996256,2025-01-01 00:35:00,40,B,RED,S,1.78,52,rain,0,1,none
100516,18.947427292312764,73.92110943656193,2025-01-01 00:36:00,44,C,RED,N,3.9,90,clear,1,1,none
100517,18.663511173139085,74.22516390529194,2025-01-01 00:37:00,32,C,GREEN,E,4.53,96,fog,0,1,none
100518,18.820925886710086,74.02747939096203,2025-01-01 00:38:00,24,C,YELLOW,N,2.32,131,fog,0,0,none
100519,18.799915623469058,74.04776203966512,2025-01-01 00:39:00,60,C,YELLOW,E,4.36,147,clear,0,0,none
100520,18.678559733734588,74.04330958889607,2025-01-01 00:40:00,72,A,YELLOW,W,4.12,18,storm,0,1,none
100521,18.599802177920743,74.00224439967361,2025-01-01 00:41:00,93,A,RED,S,3.41,110,storm,1,0,none
100522,18.550259709937162,74.10501165850589,2025-01-01 00:42:00,42,B,GREEN,N,4.27,161,clear,1,1,none
100523,18.665575842921506,73.93884926066451,2025-01-01 00:43:00,42,B,RED,E,3.77,114,rain,0,0,none
100524,18.527646480092507,74.20793289007953,2025-01-01 00:44:00,60,A,RED,N,2.5,98,fog,1,0,none
100525,18.837804464776923,73.89626924041153,2025-01-01 00:45:00,27,B,YELLOW,S,4.23,147,storm,1,1,none
100526,18.781731646608385,73.88350267496254,2025-01-01 00:46:00,42,B,GREEN,E,3.08,50,rain,0,0,track_conflict
100527,18.520327474263762,74.00529286592877,2025-01-01 00:47:00,33,B,RED,W,4.47,165,fog,1,0,none
100528,18.91919733242109,73.85708857526701,2025-01-01 00:48:00,56,A,YELLOW,N,2.26,96,clear,1,1,none
100529,18.84971712479855,74.10629791261677,2025-01-01 00:49:00,95,B,RED,W,2.91,88,rain,0,1,none
100530,18.881488473856944,74.27323423771271,2025-01-01 00:50:00,95,C,GREEN,N,4.37,144,storm,1,1,none
100531,18.565353213786164,74.29729143396537,2025-01-01 00:51:00,42,C,GREEN,E,3.53,152,rain,1,0,none
100532,18.627266614578808,73.85569469553029,2025-01-01 00:52:00,24,A,GREEN,E,0.99,164,fog,1,1,none
100533,18.884090189179705,73.7976806689513,2025-01-01 00:53:00,50,A,RED,N,2.69,118,storm,1,1,signal_violation
100534,18.605407267133902,73.93247928625347,2025-01-01 00:54:00,47,A,RED,E,2.75,67,rain,1,0,none
100535,18.759284126251643,73.85179255806642,2025-01-01 00:55:00,75,C,GREEN,E,4.5,172,clear,1,1,none
100536,18.8708649862617,74.12361415175819,2025-01-01 00:56:00,23,C,RED,E,4.21,178,clear,1,0,none
100537,18.556727080497808,73.90590262971958,2025-01-01 00:57:00,76,C,RED,N,1.4,158,storm,0,0,none
100538,18.911515100741894,73.81177486842299,2025-01-01 00:58:00,45,A,GREEN,E,2.52,61,rain,0,0,none
100539,18.94821011565955,73.98597384859417,2025-01-01 00:59:00,69,B,RED,S,2.29,68,rain,0,1,none
100540,18.96604165926208,73.90444963677655,2025-01-01 00:00:00,51,A,RED,S,4.4,172,clear,1,0,none
100541,18.940764474471674,73.83495371670669,2025-01-01 00:01:00,59,B,GREEN,S,2.19,57,rain,1,1,none
100542,18.979685912809142,74.10123134469407,2025-01-01 00:02:00,56,C,GREEN,N,3.59,52,rain,0,1,none
100543,18.67132070702237,73.83867197266483,2025-01-01 00:03:00,22,B,YELLOW,E,0.4,107,rain,0,0,none
100544,18.833504342858692,73.95638179863107,2025-01-01 00:04:00,23,C,GREEN,S,4.69,21,storm,0,1,none
100545,18.847552529377456,74.13137822846491,2025-01-01 00:05:00,42,A,RED,E,0.76,82,storm,1,0,none
100546,18.77994780699018,74.06315875002568,2025-01-01 00:06:00,51,B,GREEN,E,3.43,31,storm,0,1,none
100547,18.692192172083473,73.82912335455994,2025-01-01 00:07:00,70,C,GREEN,E,3.73,176,rain,0,1,none
100548,18.5257980509063,74.14057455455944,2025-01-01 00:08:00,98,B,RED,N,1.4,78,rain,1,1,none
100549,18.9668899478224,73.98400529332127,2025-01-01 00:09:00,67,A,RED,W,4.6,26,clear,0,0,none
100550,18.614473933583877,74.10461361615499,2025-01-01 00:10:00,77,A,RED,N,3.45,71,fog,0,0,none
100551,18.71288435603175,74.09097254622546,2025-01-01 00:11:00,33,C,RED,S,0.88,65,clear,1,0,none
100552,18.626454770164674,74.0556461373373,2025-01-01 00:12:00,53,C,YELLOW,W,4.48,61,clear,1,0,none
100553,18.65931052943981,74.11402085470569,2025-01-01 00:13:00,72,A,GREEN,W,2.99,82,storm,0,1,none
100554,18.644621489906473,74.14042020399448,2025-01-01 00:14:00,43,B,GREEN,N,1.88,65,storm,0,1,none
100555,18.977736371520887,73.91634062023704,2025-01-01 00:15:00,57,A,RED,E,4.69,113,clear,0,0,none
100556,18.557608743736825,73.97461620403723,2025-01-01 00:16:00,60,C,YELLOW,N,3.96,172,clear,0,1,none
100557,18.972378988098487,74.05256324576672,2025-01-01 00:17:00,93,C,GREEN,W,1.58,101,storm,0,1,none
100558,18.58808936073209,73.91893665595312,2025-01-01 00:18:00,99,A,YELLOW,E,1.66,148,clear,0,1,none
100559,18.58064274001229,74.12618697152946,2025-01-01 00:19:00,89,A,RED,E,0.64,47,fog,0,1,none
100560,18.52508208887915,74.29044003250361,2025-01-01 00:20:00,69,A,YELLOW,S,4.36,174,clear,0,1,track_conflict
100561,18.948673855310876,74.21529674025345,2025-01-01 00:21:00,81,A,RED,W,0.52,133,storm,1,0,none
100562,18.955423236066686,74.05108972261041,2025-01-01 00:22:00,94,C,YELLOW,E,2.96,110,fog,0,1,none
100563,18.518833401852998,74.2254757906463,2025-01-01 00:23:00,52,B,RED,W,3.75,88,rain,0,0,none
100564,18.87175917784027,74.19029951876581,2025-01-01 00:24:00,90,A,GREEN,S,3.75,125,storm,1,1,none
100565,18.714621789624896,73.90799290305786,2025-01-01 00:25:00,75,A,GREEN,N,0.77,148,fog,0,1,none
100566,18.554891730564556,74.15709336827733,2025-01-01 00:26:00,46,C,YELLOW,W,0.84,20,fog,1,1,none
100567,18.683580464855233,73.98169257577158,2025-01-01 00:27:00,56,A,YELLOW,S,1.21,102,fog,1,1,none
100568,18.972183041671272,73.80535026893833,2025-01-01 00:28:00,96,C,RED,E,1.45,113,clear,0,1,none
100569,18.553693071148984,74.04278462178027,2025-01-01 00:29:00,77,A,YELLOW,W,0.74,52,rain,1,1,track_conflict
100570,18.737810353874863,73.98029044405732,2025-01-01 00:30:00,28,C,GREEN,N,1.42,173,rain,1,0,signal_violation
100571,18.53079691917447,74.07649043201758,2025-01-01 00:31:00,53,A,GREEN,W,4.43,62,storm,0,1,none
100572,18.853396864212144,74.16740754212087,2025-01-01 00:32:00,64,A,YELLOW,E,4.89,14,storm,1,1,none
100573,18.79434602404584,74.09050705518112,2025-01-01 00:33:00,20,B,GREEN,N,3.87,108,fog,1,1,none
100574,18.661946324032908,73.93856327242477,2025-01-01 00:34:00,47,C,YELLOW,E,1.1,115,fog,0,1,none
100575,18.635005002536904,74.06890773612616,2025-01-01 00:35:00,95,B,RED,N,3.81,149,clear,0,0,none
100576,18.5965875891335,74.1382576098412,2025-01-01 00:36:00,63,A,YELLOW,N,4.52,69,storm,0,1,none
100577,18.756018459814094,74.21873626229106,2025-01-01 00:37:00,82,B,YELLOW,W,3.88,84,clear,0,1,none
100578,18.959969342939363,74.236664353043,2025-01-01 00:38:00,28,B,RED,E,0.84,115,rain,1,1,none
100579,18.533100752020793,74.11228305742465,2025-01-01 00:39:00,23,B,GREEN,W,3.24,21,rain,0,0,none
100580,18.96737791943836,73.79453278389056,2025-01-01 00:40:00,38,B,YELLOW,N,0.64,36,storm,0,1,none
100581,18.84425042579757,74.22109229285901,2025-01-01 00:41:00,70,A,YELLOW,N,0.46,72,storm,0,0,none
100582,18.65555698886738,74.00283975066871,2025-01-01 00:42:00,54,C,YELLOW,E,0.71,52,storm,0,1,none
100583,18.70211793198126,73.92456383395971,2025-01-01 00:43:00,70,A,RED,N,0.52,59,rain,1,0,none
100584,18.602314450321632,74.171900825837,2025-01-01 00:44:00,70,C,RED,S,1.79,177,rain,0,0,none
100585,18.738504233005024,74.24612262019345,2025-01-01 00:45:00,85,C,RED,N,2.87,36,fog,0,1,none
100586,18.952696273444374,73.8806842921673,2025-01-01 00:46:00,25,B,YELLOW,E,3.15,146,clear,0,0,none
100587,18.586564028585123,73.99119946825458,2025-01-01 00:47:00,46,C,GREEN,N,1.76,70,storm,0,1,none
100588,18.51283541032947,74.23407489716251,2025-01-01 00:48:00,99,B,YELLOW,W,3.82,166,storm,1,0,none
100589,18.736277286030067,74.06819740882327,2025-01-01 00:49:00,30,C,RED,S,1.78,152,rain,0,0,none
100590,18.587535504007395,74.08013633649674,2025-01-01 00:50:00,54,A,GREEN,E,1.31,75,clear,1,1,none
100591,18.545643548858862,73.88023792826681,2025-01-01 00:51:00,74,C,RED,W,4.12,102,storm,1,1,none
100592,18.811755143272464,74.15980861446934,2025-01-01 00:52:00,45,C,YELLOW,W,3.92,79,clear,0,1,signal_violation
100593,18.97684482219065,73.91149318876249,2025-01-01 00:53:00,25,B,RED,W,0.68,47,clear,1,0,none
100594,18.508127046373502,73.95582211856326,2025-01-01 00:54:00,78,B,GREEN,S,3.37,40,clear,1,0,none
100595,18.886077014597365,74.02758004241454,2025-01-01 00:55:00,92,C,RED,N,0.25,138,storm,0,1,none
100596,18.82299376948207,74.2696735389737,2025-01-01 00:56:00,87,B,GREEN,N,3.4,132,rain,1,1,none
100597,18.589403570333985,73.87971708351888,2025-01-01 00:57:00,86,C,YELLOW,S,4.32,45,rain,1,1,none
100598,18.934008066828838,73.95225052430513,2025-01-01 00:58:00,21,A,GREEN,S,2.18,88,storm,0,1,none
100599,18.914553922565155,73.9474146213406,2025-01-01 00:59:00,46,A,YELLOW,E,4.9,80,clear,0,0,none
100600,18.722713461443128,74.17474336242027,2025-01-01 00:00:00,20,A,GREEN,W,0.41,128,rain,0,0,none
100601,18.676896562092576,74.13863363720614,2025-01-01 00:01:00,21,B,RED,S,1.62,43,rain,0,1,none
100602,18.785114359841202,74.25257523065089,2025-01-01 00:02:00,93,B,GREEN,W,1.1,71,clear,0,1,none
100603,18.70111751367057,74.23453826682993,2025-01-01 00:03:00,61,B,GREEN,N,2.34,96,fog,0,0,none
100604,18.541368188351758,74.03240087857613,2025-01-01 00:04:00,30,A,GREEN,E,4.85,161,clear,0,0,none
100605,18.617911503589603,73.99488564428502,2025-01-01 00:05:00,75,A,YELLOW,N,4.63,9,fog,0,0,none
100606,18.501505671156576,74.1833458291831,2025-01-01 00:06:00,56,A,RED,E,2.65,25,clear,1,1,signal_violation
100607,18.905324434002704,73.8283435628513,2025-01-01 00:07:00,94,A,GREEN,N,2.62,11,storm,1,1,none
100608,18.695563153957465,73.9811963429961,2025-01-01 00:08:00,42,A,GREEN,N,3.95,173,clear,0,0,none
100609,18.85315602027175,74.14352917364941,2025-01-01 00:09:00,24,A,GREEN,S,0.3,162,fog,0,1,none
100610,18.937002981093364,74.0928590512795,2025-01-01 00:10:00,83,A,GREEN,N,4.03,49,rain,0,0,none
100611,18.94561040660321,74.30004808795269,2025-01-01 00:11:00,38,C,RED,S,3.71,89,clear,1,1,none
100612,18.836709603767353,73.93311921538242,2025-01-01 00:12:00,87,C,YELLOW,W,4.32,15,fog,1,0,none
100613,18.69937925927288,73.94674698553655,2025-01-01 00:13:00,39,A,YELLOW,E,3.92,120,fog,0,1,none
100614,18.935491911094505,73.91302077117064,2025-01-01 00:14:00,78,C,GREEN,E,1.99,168,storm,1,0,none
100615,18.767687459529512,74.18946620414931,2025-01-01 00:15:00,43,A,GREEN,N,1.97,153,fog,0,1,none
100616,18.90475434383285,74.14513878534687,2025-01-01 00:16:00,97,C,RED,W,1.52,55,fog,1,0,none
100617,18.54205122363179,74.08173767339602,2025-01-01 00:17:00,28,B,YELLOW,N,1.52,32,clear,1,0,none
100618,18.73644598684296,74.19539618749629,2025-01-01 00:18:00,98,A,GREEN,E,0.5,10,fog,0,1,track_conflict
100619,18.65745461077585,74.2118784501235,2025-01-01 00:19:00,26,A,GREEN,S,2.99,15,clear,1,0,track_conflict
100620,18.785504913263548,74.20769802705975,2025-01-01 00:20:00,74,B,GREEN,S,2.22,175,storm,0,0,none
100621,18.6754022544413,74.29982308662935,2025-01-01 00:21:00,65,A,RED,N,2.93,17,rain,1,1,none
100622,18.573409050915945,74.03470655172843,2025-01-01 00:22:00,72,C,RED,W,1.14,85,clear,0,1,none
100623,18.8206460582477,73.91861152414944,2025-01-01 00:23:00,84,B,RED,N,0.18,143,storm,1,0,none
100624,18.851196790098616,74.09136833081723,2025-01-01 00:24:00,71,B,GREEN,E,0.25,121,rain,0,0,none
100625,18.807994322450625,73.89688648790217,2025-01-01 00:25:00,44,B,GREEN,W,0.88,63,storm,1,1,none
100626,18.948446615018714,74.29691979931943,2025-01-01 00:26:00,40,A,YELLOW,E,4.33,77,clear,1,0,none
100627,18.56381231011815,74.09612532870442,2025-01-01 00:27:00,36,B,YELLOW,N,3.68,6,storm,0,0,none
100628,18.530628560342222,73.88922814404675,2025-01-01 00:28:00,72,C,GREEN,E,1.07,57,fog,0,1,none
100629,18.813471751818177,73.95523937397465,2025-01-01 00:29:00,82,C,GREEN,E,2.8,135,clear,1,1,none
100630,18.89539432289496,74.21805098846961,2025-01-01 00:30:00,72,B,RED,S,1.97,142,clear,1,1,none
100631,18.617070892124506,73.93979979844002,2025-01-01 00:31:00,97,C,YELLOW,S,1.03,44,rain,1,1,none
100632,18.575376593478072,74.0718491123345,2025-01-01 00:32:00,76,A,YELLOW,S,1.45,94,fog,0,1,none
100633,18.73209671666897,74.13835567550849,2025-01-01 00:33:00,61,B,YELLOW,E,2.94,142,rain,0,1,none
100634,18.875880155737693,73.85725080997973,2025-01-01 00:34:00,73,B,RED,E,0.96,5,rain,0,1,none
100635,18.984175819818734,74.0424089238564,2025-01-01 00:35:00,79,C,GREEN,W,4.97,177,fog,0,1,overspeed
100636,18.913405483514165,74.24476399836531,2025-01-01 00:36:00,24,C,GREEN,S,0.7,84,clear,0,0,none
100637,18.876590569880168,74.27969606731024,2025-01-01 00:37:00,61,B,YELLOW,N,0.63,46,storm,1,0,none
100638,18.71929478881637,73.88799385735273,2025-01-01 00:38:00,43,A,GREEN,W,1.96,117,rain,0,1,none
100639,18.58828957398239,73.96786750583875,2025-01-01 00:39:00,48,C,GREEN,E,4.49,83,rain,0,0,none
100640,18.989279916301538,74.01873889695703,2025-01-01 00:40:00,31,A,GREEN,W,2.29,180,storm,0,1,none
100641,18.826418227750683,74.15727501148413,2025-01-01 00:41:00,41,B,RED,E,0.85,32,clear,0,0,none
100642,18.611213956867726,74.04128241708723,2025-01-01 00:42:00,69,A,RED,N,4.4,50,rain,1,1,none
100643,18.82850348068783,74.26289345197539,2025-01-01 00:43:00,63,C,YELLOW,N,0.34,91,clear,1,1,none
100644,18.75704295033724,74.03824224448401,2025-01-01 00:44:00,31,C,YELLOW,W,0.97,107,storm,0,0,none
100645,18.78831723689786,74.26603249888048,2025-01-01 00:45:00,31,C,YELLOW,E,1.34,133,storm,0,1,none
100646,18.873518107745884,74.15139883453108,2025-01-01 00:46:00,74,B,YELLOW,N,4.54,64,rain,1,1,none
100647,18.819198973713167,74.05528532231442,2025-01-01 00:47:00,47,A,GREEN,E,2.11,90,rain,0,1,none
100648,18.920777638134794,74.19543608807307,2025-01-01 00:48:00,77,C,RED,E,0.4,151,clear,0,0,none
100649,18.68931997334709,74.07693777171426,2025-01-01 00:49:00,22,B,YELLOW,E,3.44,122,clear,1,0,none
100650,18.669672691113682,74.05140294172162,2025-01-01 00:50:00,29,A,YELLOW,W,3.97,26,clear,0,1,none
100651,18.613128768690565,73.90017886272271,2025-01-01 00:51:00,20,A,RED,N,4.36,95,storm,0,1,none
100652,18.643804984062967,74.11246551213983,2025-01-01 00:52:00,72,B,RED,W,1.98,46,fog,0,0,none
100653,18.648540077220947,73.97206532946618,2025-01-01 00:53:00,78,A,RED,S,0.86,151,clear,1,1,none
100654,18.59288151562594,73.87153765363216,2025-01-01 00:54:00,41,B,GREEN,S,1.18,169,fog,0,1,none
100655,18.523764208851176,74.22010391027509,2025-01-01 00:55:00,54,A,GREEN,S,3.1,124,clear,1,1,none
100656,18.722475649738207,74.1816292894714,2025-01-01 00:56:00,79,B,GREEN,N,2.14,62,storm,1,1,none
100657,18.86719895517938,73.85394601508726,2025-01-01 00:57:00,40,C,RED,S,3.79,113,storm,1,1,track_conflict
100658,18.899041187013594,74.17376239079732,2025-01-01 00:58:00,57,A,RED,S,4.67,109,clear,0,1,none
100659,18.607316174158928,74.20580495806085,2025-01-01 00:59:00,76,B,YELLOW,S,0.82,101,clear,0,1,none
100660,18.95083232773582,73.85657776922226,2025-01-01 00:00:00,94,A,GREEN,W,2.79,44,clear,1,0,none
100661,18.655770331558564,73.93596675987614,2025-01-01 00:01:00,74,A,RED,W,0.28,62,fog,1,0,none
100662,18.534685565720903,73.80283989077968,2025-01-01 00:02:00,62,A,YELLOW,N,0.15,9,rain,1,0,none
100663,18.952436334211963,73.97211420229009,2025-01-01 00:03:00,88,C,YELLOW,E,4.52,81,rain,1,0,none
100664,18.809137498459386,74.27694695668337,2025-01-01 00:04:00,55,C,GREEN,W,1.03,96,clear,1,1,none
100665,18.975326804652394,74.02464128544389,2025-01-01 00:05:00,33,C,RED,W,1.45,80,storm,1,1,none
100666,18.914299884696597,74.24041520465092,2025-01-01 00:06:00,26,B,RED,N,4.61,89,clear,0,0,none
100667,18.891208152074547,74.10400915142887,2025-01-01 00:07:00,71,C,RED,S,1.86,76,storm,1,1,none
100668,18.750467656530752,73.82426932675767,2025-01-01 00:08:00,31,B,RED,E,1.6,30,clear,0,0,none
100669,18.577328329915265,73.96593650432544,2025-01-01 00:09:00,94,A,GREEN,S,4.58,174,storm,0,0,none
100670,18.75330846822147,74.10063486307871,2025-01-01 00:10:00,63,B,GREEN,S,0.86,22,fog,0,1,none
100671,18.5839723560296,74.21682904669582,2025-01-01 00:11:00,25,B,YELLOW,W,3.77,31,rain,1,1,none
100672,18.695420637225318,73.8708378432534,2025-01-01 00:12:00,93,A,RED,N,4.51,8,clear,0,0,track_conflict
100673,18.808113382381666,74.09684163451253,2025-01-01 00:13:00,70,C,GREEN,S,1.67,59,rain,0,0,none
100674,18.553810419071628,74.20262992910489,2025-01-01 00:14:00,29,B,GREEN,N,4.38,173,rain,0,0,none
100675,18.804811520730023,74.232587748945,2025-01-01 00:15:00,76,C,GREEN,S,1.19,43,rain,0,0,none
100676,18.72208340943264,73.86867037994037,2025-01-01 00:16:00,40,B,YELLOW,W,1.87,77,clear,1,1,none
100677,18.62827784326688,74.16662526711,2025-01-01 00:17:00,76,B,RED,S,4.62,113,fog,1,0,none
100678,18.49576969856591,73.88146016371346,2025-01-01 00:18:00,43,B,YELLOW,W,0.49,141,fog,0,0,none
100679,18.57599843838345,74.02818376034799,2025-01-01 00:19:00,30,B,GREEN,E,4.56,170,fog,0,1,none
100680,18.74760077807378,73.9091231226824,2025-01-01 00:20:00,40,B,GREEN,W,5.0,49,storm,1,1,none
100681,18.809692627160278,74.23001779934717,2025-01-01 00:21:00,38,B,GREEN,W,0.27,116,fog,0,1,none
100682,18.997349273720697,74.12575392666105,2025-01-01 00:22:00,67,A,YELLOW,N,1.08,116,fog,1,0,none
100683,18.749642775564798,74.25029298685779,2025-01-01 00:23:00,79,B,RED,S,4.45,27,storm,0,1,none
100684,18.962267955199387,74.09261513002413,2025-01-01 00:24:00,99,C,YELLOW,N,0.83,29,clear,1,0,none
100685,18.590383543283327,73.88642840367069,2025-01-01 00:25:00,49,B,YELLOW,S,3.55,152,rain,0,0,none
100686,19.00331080945515,74.10902682146045,2025-01-01 00:26:00,34,A,YELLOW,N,2.52,35,clear,1,1,none
100687,18.65450025846464,73.82963793675698,2025-01-01 00:27:00,44,C,RED,E,0.48,36,clear,0,1,signal_violation
100688,18.98937061210498,73.93302495789156,2025-01-01 00:28:00,78,B,GREEN,N,4.62,105,storm,0,1,none
100689,18.972042815774348,74.24830188792458,2025-01-01 00:29:00,59,C,YELLOW,E,2.0,161,rain,0,1,none
100690,18.726241290616485,73.84145064340053,2025-01-01 00:30:00,82,A,YELLOW,E,0.62,156,rain,1,0,none
100691,18.539959797582853,74.138481405407,2025-01-01 00:31:00,52,C,RED,W,1.34,143,clear,1,0,none
100692,18.84594208139225,73.97265185444593,2025-01-01 00:32:00,67,B,RED,S,3.66,5,clear,0,0,none
100693,18.680520457094524,74.27497814702097,2025-01-01 00:33:00,83,C,RED,S,4.14,91,clear,0,1,none
100694,18.812205034375392,74.0336384937937,2025-01-01 00:34:00,40,C,YELLOW,E,2.81,30,clear,0,0,none
100695,18.873799603134522,74.07040163126389,2025-01-01 00:35:00,46,C,GREEN,E,0.63,162,rain,1,1,none
100696,18.95456593879397,74.28576255026701,2025-01-01 00:36:00,58,A,YELLOW,E,4.94,63,rain,1,1,none
100697,18.817668501490793,73.93813095005477,2025-01-01 00:37:00,88,B,YELLOW,N,1.84,165,storm,1,0,none
100698,18.61817116929496,74.07218651441079,2025-01-01 00:38:00,87,A,GREEN,W,0.49,87,fog,1,1,none
100699,18.999311861960283,74.23394115724632,2025-01-01 00:39:00,65,C,YELLOW,N,0.71,48,fog,1,1,none
100700,18.687401737361025,73.92674362957045,2025-01-01 00:40:00,25,C,GREEN,S,1.05,98,storm,0,1,none
100701,18.992521683557907,73.85743586293549,2025-01-01 00:41:00,86,A,GREEN,E,3.54,30,clear,1,0,track_conflict
100702,18.77985865775758,74.09525689263498,2025-01-01 00:42:00,49,A,YELLOW,N,4.63,177,rain,1,1,none
100703,18.66097920167362,73.96348581149621,2025-01-01 00:43:00,27,A,YELLOW,S,4.84,129,clear,1,1,none
100704,18.576487867837933,74.07932614514691,2025-01-01 00:44:00,31,B,GREEN,N,4.14,153,clear,1,1,signal_violation
100705,18.951280076371763,73.83581006153476,2025-01-01 00:45:00,62,C,GREEN,W,0.6,146,rain,0,1,none
100706,18.56521524290513,73.99672902740697,2025-01-01 00:46:00,60,C,YELLOW,S,3.62,32,rain,0,0,none
100707,18.594174540376475,73.9823010315263,2025-01-01 00:47:00,97,B,GREEN,E,2.89,139,clear,0,0,none
100708,18.977790984393454,73.9617735467074,2025-01-01 00:48:00,77,A,YELLOW,S,3.97,92,fog,0,1,none
100709,18.8441826046872,74.23611468148073,2025-01-01 00:49:00,30,A,GREEN,S,0.68,117,storm,0,1,none
100710,18.64611771943669,74.12731331528683,2025-01-01 00:50:00,25,B,YELLOW,S,0.66,102,clear,1,1,none
100711,18.866886498481524,73.87621129407275,2025-01-01 00:51:00,23,C,GREEN,E,1.57,58,clear,0,0,track_conflict
100712,18.512603304876205,74.06791651758518,2025-01-01 00:52:00,23,C,RED,E,1.28,165,clear,0,1,none
100713,18.784272443489723,74.00536373795711,2025-01-01 00:53:00,47,B,GREEN,S,3.97,114,storm,1,0,track_conflict
100714,18.94167554103301,73.90484539449383,2025-01-01 00:54:00,38,A,RED,W,4.62,39,fog,0,1,none
100715,18.680922532137394,73.93293667194418,2025-01-01 00:55:00,40,B,RED,S,1.78,52,rain,0,1,none
100716,18.949566618903738,73.92223287042474,2025-01-01 00:56:00,44,C,RED,N,3.9,90,clear,1,1,none
100717,18.66972286727708,74.2110377733719,2025-01-01 00:57:00,32,C,GREEN,E,4.53,96,fog,0,1,none
100718,18.82257142931521,74.03331281208284,2025-01-01 00:58:00,24,C,YELLOW,N,2.32,131,fog,0,0,none
100719,18.801991757732974,74.04397514821603,2025-01-01 00:59:00,60,C,YELLOW,E,4.36,147,clear,0,0,none
100720,18.671708774920507,74.04924690197234,2025-01-01 00:00:00,72,A,YELLOW,W,4.12,18,storm,0,1,none
100721,18.617053822299017,73.99019082436998,2025-01-01 00:01:00,93,A,RED,S,3.41,110,storm,1,0,none
100722,18.554868574461093,74.10421650661537,2025-01-01 00:02:00,42,B,GREEN,N,4.27,161,clear,1,1,track_conflict
100723,18.661163457920054,73.94172713022257,2025-01-01 00:03:00,42,B,RED,E,3.77,114,rain,0,0,none
100724,18.52811032622867,74.202393918078,2025-01-01 00:04:00,60,A,RED,N,2.5,98,fog,1,0,none
100725,18.82895143228591,73.90022282126118,2025-01-01 00:05:00,27,B,YELLOW,S,4.23,147,storm,1,1,none
100726,18.78492273455226,73.87824407821935,2025-01-01 00:06:00,42,B,GREEN,E,3.08,50,rain,0,0,signal_violation
100727,18.51941306601594,74.00325163670031,2025-01-01 00:07:00,33,B,RED,W,4.47,165,fog,1,0,none
100728,18.91865046366481,73.84712286775655,2025-01-01 00:08:00,56,A,YELLOW,N,2.26,96,clear,1,1,none
100729,18.832008301048685,74.10800383220811,2025-01-01 00:09:00,95,B,RED,W,2.91,88,rain,0,1,none
100730,18.876738405038132,74.28387137451784,2025-01-01 00:10:00,95,C,GREEN,N,4.37,144,storm,1,1,none
100731,18.57277830349166,74.29062124064205,2025-01-01 00:11:00,42,C,GREEN,E,3.53,152,rain,1,0,none
100732,18.62961858208426,73.83855077616242,2025-01-01 00:12:00,24,A,GREEN,E,0.99,164,fog,1,1,none
100733,18.89387446761279,73.81530739288256,2025-01-01 00:13:00,50,A,RED,N,2.69,118,storm,1,1,none
100734,18.615147124552305,73.92995878494764,2025-01-01 00:14:00,47,A,RED,E,2.75,67,rain,1,0,signal_violation
100735,18.74298674718118,73.84920566271349,2025-01-01 00:15:00,75,C,GREEN,E,4.5,172,clear,1,1,none
100736,18.859783590417607,74.13476554575993,2025-01-01 00:16:00,23,C,RED,E,4.21,178,clear,1,0,none
100737,18.547790895835167,73.90020464034076,2025-01-01 00:17:00,76,C,RED,N,1.4,158,storm,0,0,none
100738,18.917363905097154,73.80893670775711,2025-01-01 00:18:00,45,A,GREEN,E,2.52,61,rain,0,0,overspeed
100739,18.944690428011892,73.97734117373996,2025-01-01 00:19:00,69,B,RED,S,2.29,68,rain,0,1,none
100740,18.962953137856196,73.90895904780123,2025-01-01 00:20:00,51,A,RED,S,4.4,172,clear,1,0,none
100741,18.95015812129295,73.84416952463661,2025-01-01 00:21:00,59,B,GREEN,S,2.19,57,rain,1,1,none
100742,18.964460447799777,74.09421479738315,2025-01-01 00:22:00,56,C,GREEN,N,3.59,52,rain,0,1,none
100743,18.66875060292082,73.84809191929214,2025-01-01 00:23:00,22,B,YELLOW,E,0.4,107,rain,0,0,none
100744,18.834261654836155,73.97197977532424,2025-01-01 00:24:00,23,C,GREEN,S,4.69,21,storm,0,1,none
100745,18.857920232974603,74.12766962962165,2025-01-01 00:25:00,42,A,RED,E,0.76,82,storm,1,0,none
100746,18.784909180026595,74.05704482920025,2025-01-01 00:26:00,51,B,GREEN,E,3.43,31,storm,0,1,none
100747,18.68959933878939,73.82495320968107,2025-01-01 00:27:00,70,C,GREEN,E,3.73,176,rain,0,1,none
100748,18.52737899518228,74.13110724845508,2025-01-01 00:28:00,98,B,RED,N,1.4,78,rain,1,1,none
100749,18.96730593590313,73.96855900306623,2025-01-01 00:29:00,67,A,RED,W,4.6,26,clear,0,0,none
100750,18.628164197390333,74.09952753380244,2025-01-01 00:30:00,77,A,RED,N,3.45,71,fog,0,0,none
100751,18.700980987982756,74.08128258507877,2025-01-01 00:31:00,33,C,RED,S,0.88,65,clear,1,0,track_conflict
100752,18.630236269927043,74.05851890020742,2025-01-01 00:32:00,53,C,YELLOW,W,4.48,61,clear,1,0,none
100753,18.6557955765624,74.10977585268233,2025-01-01 00:33:00,72,A,GREEN,W,2.99,82,storm,0,1,none
100754,18.628077817468867,74.13882101148934,2025-01-01 00:34:00,43,B,GREEN,N,1.88,65,storm,0,1,none
100755,18.989639065237057,73.90598879231496,2025-01-01 00:35:00,57,A,RED,E,4.69,113,clear,0,0,none
100756,18.567720647155966,73.98620669398804,2025-01-01 00:36:00,60,C,YELLOW,N,3.96,172,clear,0,1,none
100757,18.978758843388764,74.04642419353128,2025-01-01 00:37:00,93,C,GREEN,W,1.58,101,storm,0,1,none
100758,18.588039989662754,73.9188559572551,2025-01-01 00:38:00,99,A,YELLOW,E,1.66,148,clear,0,1,none
100759,18.583032928514744,74.11794415544486,2025-01-01 00:39:00,89,A,RED,E,0.64,47,fog,0,1,none
100760,18.535945299022398,74.2829079036879,2025-01-01 00:40:00,69,A,YELLOW,S,4.36,174,clear,0,1,none
100761,18.94863049407389,74.20340889626924,2025-01-01 00:41:00,81,A,RED,W,0.52,133,storm,1,0,none
100762,18.95478936528629,74.03312252119979,2025-01-01 00:42:00,94,C,YELLOW,E,2.96,110,fog,0,1,none
100763,18.530012692179035,74.22671605481625,2025-01-01 00:43:00,52,B,RED,W,3.75,88,rain,0,0,none
100764,18.869553829953134,74.18441864941192,2025-01-01 00:44:00,90,A,GREEN,S,3.75,125,storm,1,1,none
100765,18.715886421721684,73.91555023777767,2025-01-01 00:45:00,75,A,GREEN,N,0.77,148,fog,0,1,none
100766,18.573387010322858,74.16220302035875,2025-01-01 00:46:00,46,C,YELLOW,W,0.84,20,fog,1,1,none
100767,18.699446928349197,73.99131272408395,2025-01-01 00:47:00,56,A,YELLOW,S,1.21,102,fog,1,1,signal_violation
100768,18.969457681522506,73.81479882360446,2025-01-01 00:48:00,96,C,RED,E,1.45,113,clear,0,1,none
100769,18.547558342972863,74.04284733345719,2025-01-01 00:49:00,77,A,YELLOW,W,0.74,52,rain,1,1,none
100770,18.74269023055081,73.96935358966894,2025-01-01 00:50:00,28,C,GREEN,N,1.42,173,rain,1,0,none
100771,18.532096269890182,74.09373200426442,2025-01-01 00:51:00,53,A,GREEN,W,4.43,62,storm,0,1,none
100772,18.855098658706716,74.1780313547597,2025-01-01 00:52:00,64,A,YELLOW,E,4.89,14,storm,1,1,none
100773,18.791587666262405,74.08299529587528,2025-01-01 00:53:00,20,B,GREEN,N,3.87,108,fog,1,1,none
100774,18.66878110767023,73.92777589431788,2025-01-01 00:54:00,47,C,YELLOW,E,1.1,115,fog,0,1,none
100775,18.632058712906957,74.08285449695829,2025-01-01 00:55:00,95,B,RED,N,3.81,149,clear,0,0,none
100776,18.585971096891367,74.14660090811074,2025-01-01 00:56:00,63,A,YELLOW,N,4.52,69,storm,0,1,none
100777,18.745984906270937,74.21435857171518,2025-01-01 00:57:00,82,B,YELLOW,W,3.88,84,clear,0,1,none
100778,18.956432850794194,74.22805476834266,2025-01-01 00:58:00,28,B,RED,E,0.84,115,rain,1,1,track_conflict
100779,18.534994935622525,74.09827839427187,2025-01-01 00:59:00,23,B,GREEN,W,3.24,21,rain,0,0,none
100780,18.963916929952077,73.7983126242692,2025-01-01 00:00:00,38,B,YELLOW,N,0.64,36,storm,0,1,none
100781,18.84011216714367,74.22085949576488,2025-01-01 00:01:00,70,A,YELLOW,N,0.46,72,storm,0,0,none
100782,18.65190764566321,73.99908325386097,2025-01-01 00:02:00,54,C,YELLOW,E,0.71,52,storm,0,1,none
100783,18.69124920046742,73.91434023270482,2025-01-01 00:03:00,70,A,RED,N,0.52,59,rain,1,0,none
100784,18.597635845620875,74.17921970631,2025-01-01 00:04:00,70,C,RED,S,1.79,177,rain,0,0,none
100785,18.73215516369922,74.23627369329226,2025-01-01 00:05:00,85,C,RED,N,2.87,36,fog,0,1,none
100786,18.946730958590177,73.86943287321826,2025-01-01 00:06:00,25,B,YELLOW,E,3.15,146,clear,0,0,none
100787,18.57735587906472,73.99863057784947,2025-01-01 00:07:00,46,C,GREEN,N,1.76,70,storm,0,1,none
100788,18.514614875798866,74.23968573486921,2025-01-01 00:08:00,99,B,YELLOW,W,3.82,166,storm,1,0,none
100789,18.73716294043594,74.05631975588456,2025-01-01 00:09:00,30,C,RED,S,1.78,152,rain,0,0,none
100790,18.59571521780325,74.07185856740257,2025-01-01 00:10:00,54,A,GREEN,E,1.31,75,clear,1,1,none
100791,18.540232520585853,73.87589379519605,2025-01-01 00:11:00,74,C,RED,W,4.12,102,storm,1,1,none
100792,18.81131353677303,74.17173348189539,2025-01-01 00:12:00,45,C,YELLOW,W,3.92,79,clear,0,1,none
100793,18.972284163092365,73.89945826447915,2025-01-01 00:13:00,25,B,RED,W,0.68,47,clear,1,0,none
100794,18.50586554710745,73.96389960913946,2025-01-01 00:14:00,78,B,GREEN,S,3.37,40,clear,1,0,none
100795,18.872223899780096,74.03447912534992,2025-01-01 00:15:00,92,C,RED,N,0.25,138,storm,0,1,none
100796,18.810386782695243,74.27018026801099,2025-01-01 00:16:00,87,B,GREEN,N,3.4,132,rain,1,1,none
100797,18.58178096751509,73.87768245926247,2025-01-01 00:17:00,86,C,YELLOW,S,4.32,45,rain,1,1,none
100798,18.9265170117216,73.95175561283848,2025-01-01 00:18:00,21,A,GREEN,S,2.18,88,storm,0,1,none
100799,18.91418511265506,73.94454145666857,2025-01-01 00:19:00,46,A,YELLOW,E,4.9,80,clear,0,0,track_conflict
100800,18.720647679846444,74.17299161967142,2025-01-01 00:20:00,20,A,GREEN,W,0.41,128,rain,0,0,none
100801,18.681301832132096,74.13480315242818,2025-01-01 00:21:00,21,B,RED,S,1.62,43,rain,0,1,none
100802,18.78288420540926,74.25740462380399,2025-01-01 00:22:00,93,B,GREEN,W,1.1,71,clear,0,1,none
100803,18.70254612628455,74.22629028783078,2025-01-01 00:23:00,61,B,GREEN,N,2.34,96,fog,0,0,none
100804,18.54405226886763,74.04156291168125,2025-01-01 00:24:00,30,A,GREEN,E,4.85,161,clear,0,0,none
100805,18.61331830343365,73.99112363500683,2025-01-01 00:25:00,75,A,YELLOW,N,4.63,9,fog,0,0,track_conflict
100806,18.50144870944883,74.1981972898012,2025-01-01 00:26:00,56,A,RED,E,2.65,25,clear,1,1,none
100807,18.903772703516836,73.83192023776719,2025-01-01 00:27:00,94,A,GREEN,N,2.62,11,storm,1,1,none
100808,18.696684172417775,73.99390238839054,2025-01-01 00:28:00,42,A,GREEN,N,3.95,173,clear,0,0,none
100809,18.85531138061967,74.13834631545834,2025-01-01 00:29:00,24,A,GREEN,S,0.3,162,fog,0,1,signal_violation
100810,18.926025076991984,74.09556771079306,2025-01-01 00:30:00,83,A,GREEN,N,4.03,49,rain,0,0,overspeed
100811,18.940724510040532,74.3039811164282,2025-01-01 00:31:00,38,C,RED,S,3.71,89,clear,1,1,none
100812,18.831165397924284,73.93188207111069,2025-01-01 00:32:00,87,C,YELLOW,W,4.32,15,fog,1,0,none
100813,18.6965416416425,73.94585200435772,2025-01-01 00:33:00,39,A,YELLOW,E,3.92,120,fog,0,1,track_conflict
100814,18.92648036724801,73.91320149048146,2025-01-01 00:34:00,78,C,GREEN,E,1.99,168,storm,1,0,none
100815,18.773354337010918,74.20485084751705,2025-01-01 00:35:00,43,A,GREEN,N,1.97,153,fog,0,1,none
100816,18.898370578620444,74.14723792775733,2025-01-01 00:36:00,97,C,RED,W,1.52,55,fog,1,0,none
100817,18.525488775200966,74.0957899816614,2025-01-01 00:37:00,28,B,YELLOW,N,1.52,32,clear,1,0,none
100818,18.743693472042455,74.20463987065602,2025-01-01 00:38:00,98,A,GREEN,E,0.5,10,fog,0,1,none
100819,18.660797299672897,74.21503501445605,2025-01-01 00:39:00,26,A,GREEN,S,2.99,15,clear,1,0,none
100820,18.785391275396382,74.20825455347376,2025-01-01 00:40:00,74,B,GREEN,S,2.22,175,storm,0,0,none
100821,18.671673138863888,74.30084819869865,2025-01-01 00:41:00,65,A,RED,N,2.93,17,rain,1,1,none
100822,18.570002876526374,74.02682321611337,2025-01-01 00:42:00,72,C,RED,W,1.14,85,clear,0,1,none
100823,18.824685874122974,73.9156015012279,2025-01-01 00:43:00,84,B,RED,N,0.18,143,storm,1,0,none
100824,18.849687186528996,74.09383920627178,2025-01-01 00:44:00,71,B,GREEN,E,0.25,121,rain,0,0,none
100825,18.817160980323123,73.90001754448917,2025-01-01 00:45:00,44,B,GREEN,W,0.88,63,storm,1,1,none
100826,18.949066457189097,74.2926683826635,2025-01-01 00:46:00,40,A,YELLOW,E,4.33,77,clear,1,0,none
100827,18.56701724955905,74.0993048688036,2025-01-01 00:47:00,36,B,YELLOW,N,3.68,6,storm,0,0,none
100828,18.535492520995568,73.87257075586473,2025-01-01 00:48:00,72,C,GREEN,E,1.07,57,fog,0,1,none
100829,18.813193882571568,73.9618733276103,2025-01-01 00:49:00,82,C,GREEN,E,2.8,135,clear,1,1,none
100830,18.899554777131122,74.22296193475616,2025-01-01 00:50:00,72,B,RED,S,1.97,142,clear,1,1,none
100831,18.61283698580718,73.93298485640695,2025-01-01 00:51:00,97,C,YELLOW,S,1.03,44,rain,1,1,track_conflict
100832,18.573044405014063,74.07337270836717,2025-01-01 00:52:00,76,A,YELLOW,S,1.45,94,fog,0,1,none
100833,18.743790293717282,74.13101378395577,2025-01-01 00:53:00,61,B,YELLOW,E,2.94,142,rain,0,1,none
100834,18.8737702701942,73.8528459194068,2025-01-01 00:54:00,73,B,RED,E,0.96,5,rain,0,1,none
100835,18.99096666937707,74.0346418174732,2025-01-01 00:55:00,79,C,GREEN,W,4.97,177,fog,0,1,none
100836,18.909668316208826,74.24579657501086,2025-01-01 00:56:00,24,C,GREEN,S,0.7,84,clear,0,0,none
100837,18.87758528752354,74.27710132994976,2025-01-01 00:57:00,61,B,YELLOW,N,0.63,46,storm,1,0,none
100838,18.724680539221747,73.88433468320977,2025-01-01 00:58:00,43,A,GREEN,W,1.96,117,rain,0,1,none
100839,18.5787660320855,73.97741004635304,2025-01-01 00:59:00,48,C,GREEN,E,4.49,83,rain,0,0,none
100840,18.985858854675197,74.00716462014354,2025-01-01 00:00:00,31,A,GREEN,W,2.29,180,storm,0,1,none
100841,18.837844284034315,74.16285676563523,2025-01-01 00:01:00,41,B,RED,E,0.85,32,clear,0,0,none
100842,18.6153050067716,74.04353642518731,2025-01-01 00:02:00,69,A,RED,N,4.4,50,rain,1,1,overspeed
100843,18.822486339483,74.25357321360678,2025-01-01 00:03:00,63,C,YELLOW,N,0.34,91,clear,1,1,none
100844,18.76108522919737,74.03007399306769,2025-01-01 00:04:00,31,C,YELLOW,W,0.97,107,storm,0,0,none
100845,18.79836308316124,74.2546791847495,2025-01-01 00:05:00,31,C,YELLOW,E,1.34,133,storm,0,1,none
100846,18.88188713712026,74.15812513042044,2025-01-01 00:06:00,74,B,YELLOW,N,4.54,64,rain,1,1,none
100847,18.804437061536735,74.04939208062925,2025-01-01 00:07:00,47,A,GREEN,E,2.11,90,rain,0,1,none
100848,18.913063298522488,74.19153469525978,2025-01-01 00:08:00,77,C,RED,E,0.4,151,clear,0,0,none
100849,18.688903421692817,74.0738774001044,2025-01-01 00:09:00,22,B,YELLOW,E,3.44,122,clear,1,0,none
100850,18.684255245597406,74.0541429186936,2025-01-01 00:10:00,29,A,YELLOW,W,3.97,26,clear,0,1,none
100851,18.605380603466322,73.91304869100698,2025-01-01 00:11:00,20,A,RED,N,4.36,95,storm,0,1,none
100852,18.656967668721414,74.10267351394269,2025-01-01 00:12:00,72,B,RED,W,1.98,46,fog,0,0,none
100853,18.66554775841626,73.98985322114216,2025-01-01 00:13:00,78,A,RED,S,0.86,151,clear,1,1,none
100854,18.597010685982568,73.87840025884873,2025-01-01 00:14:00,41,B,GREEN,S,1.18,169,fog,0,1,none
100855,18.53429130126859,74.21194902305541,2025-01-01 00:15:00,54,A,GREEN,S,3.1,124,clear,1,1,none
100856,18.72733893245419,74.17665677581559,2025-01-01 00:16:00,79,B,GREEN,N,2.14,62,storm,1,1,none
100857,18.865417092799042,73.86025090608366,2025-01-01 00:17:00,40,C,RED,S,3.79,113,storm,1,1,none
100858,18.90124477341466,74.18063994812327,2025-01-01 00:18:00,57,A,RED,S,4.67,109,clear,0,1,none
100859,18.607442231476814,74.20938168534167,2025-01-01 00:19:00,76,B,YELLOW,S,0.82,101,clear,0,1,none
100860,18.951743765228976,73.86430206318367,2025-01-01 00:20:00,94,A,GREEN,W,2.79,44,clear,1,0,none
100861,18.642672990920705,73.93598558821785,2025-01-01 00:21:00,74,A,RED,W,0.28,62,fog,1,0,none
100862,18.53417113681321,73.81129973433355,2025-01-01 00:22:00,62,A,YELLOW,N,0.15,9,rain,1,0,none
100863,18.957918844890443,73.97870083336191,2025-01-01 00:23:00,88,C,YELLOW,E,4.52,81,rain,1,0,none
100864,18.815019286918083,74.26552466616019,2025-01-01 00:24:00,55,C,GREEN,W,1.03,96,clear,1,1,none
100865,18.99087594846548,74.0092314612047,2025-01-01 00:25:00,33,C,RED,W,1.45,80,storm,1,1,none
100866,18.918038574862162,74.24302799924153,2025-01-01 00:26:00,26,B,RED,N,4.61,89,clear,0,0,none
100867,18.887200303084825,74.12123778563148,2025-01-01 00:27:00,71,C,RED,S,1.86,76,storm,1,1,none
100868,18.765680664629823,73.82981874730679,2025-01-01 00:28:00,31,B,RED,E,1.6,30,clear,0,0,none
100869,18.587362687936697,73.96158797127916,2025-01-01 00:29:00,94,A,GREEN,S,4.58,174,storm,0,0,none
100870,18.761520449827067,74.10992416659741,2025-01-01 00:30:00,63,B,GREEN,S,0.86,22,fog,0,1,none
100871,18.569242034469877,74.2255796753288,2025-01-01 00:31:00,25,B,YELLOW,W,3.77,31,rain,1,1,none
100872,18.696806266108144,73.87251600173704,2025-01-01 00:32:00,93,A,RED,N,4.51,8,clear,0,0,none
100873,18.802017653751065,74.09819603696924,2025-01-01 00:33:00,70,C,GREEN,S,1.67,59,rain,0,0,none
100874,18.55780320003738,74.1920563155126,2025-01-01 00:34:00,29,B,GREEN,N,4.38,173,rain,0,0,none
100875,18.803643434753926,74.23894459436022,2025-01-01 00:35:00,76,C,GREEN,S,1.19,43,rain,0,0,none
100876,18.713651064189705,73.86877133899887,2025-01-01 00:36:00,40,B,YELLOW,W,1.87,77,clear,1,1,none
100877,18.633178650887277,74.16925402727519,2025-01-01 00:37:00,76,B,RED,S,4.62,113,fog,1,0,none
100878,18.50206836456396,73.86808068405698,2025-01-01 00:38:00,43,B,YELLOW,W,0.49,141,fog,0,0,none
100879,18.5755342577596,74.02388837621183,2025-01-01 00:39:00,30,B,GREEN,E,4.56,170,fog,0,1,none
100880,18.753259295957317,73.9086706975456,2025-01-01 00:40:00,40,B,GREEN,W,5.0,49,storm,1,1,none
100881,18.80964926177502,74.2464989962724,2025-01-01 00:41:00,38,B,GREEN,W,0.27,116,fog,0,1,none
100882,18.995493109445178,74.12934800962613,2025-01-01 00:42:00,67,A,YELLOW,N,1.08,116,fog,1,0,none
100883,18.74890191696139,74.23812363825341,2025-01-01 00:43:00,79,B,RED,S,4.45,27,storm,0,1,none
100884,18.95351467625054,74.077109759469,2025-01-01 00:44:00,99,C,YELLOW,N,0.83,29,clear,1,0,none
100885,18.597269605071475,73.87025968115881,2025-01-01 00:45:00,49,B,YELLOW,S,3.55,152,rain,0,0,none
100886,18.99327943643594,74.10447785502329,2025-01-01 00:46:00,34,A,YELLOW,N,2.52,35,clear,1,1,none
100887,18.67138192766002,73.82953482328327,2025-01-01 00:47:00,44,C,RED,E,0.48,36,clear,0,1,none
100888,19.00404090260225,73.92869908160885,2025-01-01 00:48:00,78,B,GREEN,N,4.62,105,storm,0,1,none
100889,18.986846267805976,74.23554977203675,2025-01-01 00:49:00,59,C,YELLOW,E,2.0,161,rain,0,1,none
100890,18.729427697966024,73.84111964554536,2025-01-01 00:50:00,82,A,YELLOW,E,0.62,156,rain,1,0,none
100891,18.530727931818074,74.13878424623275,2025-01-01 00:51:00,52,C,RED,W,1.34,143,clear,1,0,none
100892,18.850829194621852,73.96533947265237,2025-01-01 00:52:00,67,B,RED,S,3.66,5,clear,0,0,none
100893,18.68739594959834,74.25627038925902,2025-01-01 00:53:00,83,C,RED,S,4.14,91,clear,0,1,none
100894,18.816957827048107,74.02812129179297,2025-01-01 00:54:00,40,C,YELLOW,E,2.81,30,clear,0,0,none
100895,18.8710823047097,74.07240252245249,2025-01-01 00:55:00,46,C,GREEN,E,0.63,162,rain,1,1,track_conflict
100896,18.937768415353514,74.28171291088718,2025-01-01 00:56:00,58,A,YELLOW,E,4.94,63,rain,1,1,none
100897,18.80884594269986,73.94349612194209,2025-01-01 00:57:00,88,B,YELLOW,N,1.84,165,storm,1,0,none
100898,18.62025833672638,74.06888369400599,2025-01-01 00:58:00,87,A,GREEN,W,0.49,87,fog,1,1,none
100899,18.992653896367756,74.21903281107488,2025-01-01 00:59:00,65,C,YELLOW,N,0.71,48,fog,1,1,overspeed
100900,18.6891534322915,73.93947607150133,2025-01-01 00:00:00,25,C,GREEN,S,1.05,98,storm,0,1,none
100901,18.994948889146396,73.86455222024355,2025-01-01 00:01:00,86,A,GREEN,E,3.54,30,clear,1,0,none
100902,18.7666667907482,74.10837014146367,2025-01-01 00:02:00,49,A,YELLOW,N,4.63,177,rain,1,1,none
100903,18.673828592432585,73.96914124324016,2025-01-01 00:03:00,27,A,YELLOW,S,4.84,129,clear,1,1,none
100904,18.577281838092077,74.08255982507069,2025-01-01 00:04:00,31,B,GREEN,N,4.14,153,clear,1,1,none
100905,18.956075063151427,73.83480757782918,2025-01-01 00:05:00,62,C,GREEN,W,0.6,146,rain,0,1,none
100906,18.554211082285967,73.99702573320602,2025-01-01 00:06:00,60,C,YELLOW,S,3.62,32,rain,0,0,none
100907,18.60877742543443,73.9696562477415,2025-01-01 00:07:00,97,B,GREEN,E,2.89,139,clear,0,0,none
100908,18.973216938422453,73.95124953158809,2025-01-01 00:08:00,77,A,YELLOW,S,3.97,92,fog,0,1,none
100909,18.833797258044505,74.23789574670575,2025-01-01 00:09:00,30,A,GREEN,S,0.68,117,storm,0,1,none
100910,18.642276033291516,74.13776387825072,2025-01-01 00:10:00,25,B,YELLOW,S,0.66,102,clear,1,1,none
100911,18.86027602791358,73.89277182023726,2025-01-01 00:11:00,23,C,GREEN,E,1.57,58,clear,0,0,none
100912,18.507348363054035,74.07135463606735,2025-01-01 00:12:00,23,C,RED,E,1.28,165,clear,0,1,none
100913,18.771732125166135,73.9980061239654,2025-01-01 00:13:00,47,B,GREEN,S,3.97,114,storm,1,0,none
100914,18.942070488139297,73.89497903197184,2025-01-01 00:14:00,38,A,RED,W,4.62,39,fog,0,1,none
100915,18.69530918272349,73.93415331887039,2025-01-01 00:15:00,40,B,RED,S,1.78,52,rain,0,1,none
100916,18.96313109928989,73.92575310729778,2025-01-01 00:16:00,44,C,RED,N,3.9,90,clear,1,1,track_conflict
100917,18.6574410922788,74.22875160956517,2025-01-01 00:17:00,32,C,GREEN,E,4.53,96,fog,0,1,none
100918,18.834120675471677,74.02086555419794,2025-01-01 00:18:00,24,C,YELLOW,N,2.32,131,fog,0,0,none
100919,18.792320424484355,74.03506502977217,2025-01-01 00:19:00,60,C,YELLOW,E,4.36,147,clear,0,0,none
100920,18.672883548915213,74.04030895139526,2025-01-01 00:20:00,72,A,YELLOW,W,4.12,18,storm,0,1,none
100921,18.600396278274555,74.00059801391502,2025-01-01 00:21:00,93,A,RED,S,3.41,110,storm,1,0,signal_violation
100922,18.552265497856983,74.11142848752161,2025-01-01 00:22:00,42,B,GREEN,N,4.27,161,clear,1,1,none
100923,18.670639383931686,73.92473521565739,2025-01-01 00:23:00,42,B,RED,E,3.77,114,rain,0,0,none
100924,18.532754498747245,74.19891393072467,2025-01-01 00:24:00,60,A,RED,N,2.5,98,fog,1,0,none
100925,18.842551713906097,73.90343746959645,2025-01-01 00:25:00,27,B,YELLOW,S,4.23,147,storm,1,1,none
100926,18.783477849962832,73.8845318376512,2025-01-01 00:26:00,42,B,GREEN,E,3.08,50,rain,0,0,none
100927,18.52641122130599,74.01031438455196,2025-01-01 00:27:00,33,B,RED,W,4.47,165,fog,1,0,none
100928,18.917018068826152,73.85033016649238,2025-01-01 00:28:00,56,A,YELLOW,N,2.26,96,clear,1,1,none
100929,18.850457251609583,74.11868526896545,2025-01-01 00:29:00,95,B,RED,W,2.91,88,rain,0,1,none
100930,18.864534125840734,74.27571210715344,2025-01-01 00:30:00,95,C,GREEN,N,4.37,144,storm,1,1,none
100931,18.569073452491327,74.29354636335371,2025-01-01 00:31:00,42,C,GREEN,E,3.53,152,rain,1,0,none
100932,18.623369840250408,73.84615734552216,2025-01-01 00:32:00,24,A,GREEN,E,0.99,164,fog,1,1,none
100933,18.87891442695583,73.79700377448938,2025-01-01 00:33:00,50,A,RED,N,2.69,118,storm,1,1,none
100934,18.6102163465975,73.94065609707289,2025-01-01 00:34:00,47,A,RED,E,2.75,67,rain,1,0,signal_violation
100935,18.75168075698176,73.83791193473706,2025-01-01 00:35:00,75,C,GREEN,E,4.5,172,clear,1,1,none
100936,18.85814405340102,74.1305325047912,2025-01-01 00:36:00,23,C,RED,E,4.21,178,clear,1,0,none
100937,18.55825702229357,73.89126368247277,2025-01-01 00:37:00,76,C,RED,N,1.4,158,storm,0,0,none
100938,18.91374269099253,73.82016907681665,2025-01-01 00:38:00,45,A,GREEN,E,2.52,61,rain,0,0,none
100939,18.94940483185563,73.98890528062468,2025-01-01 00:39:00,69,B,RED,S,2.29,68,rain,0,1,none
100940,18.96993898274926,73.89721566674571,2025-01-01 00:40:00,51,A,RED,S,4.4,172,clear,1,0,none
100941,18.948054859480422,73.84805043229267,2025-01-01 00:41:00,59,B,GREEN,S,2.19,57,rain,1,1,none
100942,18.982655177210987,74.10108156908561,2025-01-01 00:42:00,56,C,GREEN,N,3.59,52,rain,0,1,none
100943,18.670324052160808,73.8538300283923,2025-01-01 00:43:00,22,B,YELLOW,E,0.4,107,rain,0,0,none
100944,18.8501685874955,73.96643781420765,2025-01-01 00:44:00,23,C,GREEN,S,4.69,21,storm,0,1,signal_violation
100945,18.849807290275628,74.13515699466656,2025-01-01 00:45:00,42,A,RED,E,0.76,82,storm,1,0,none
100946,18.771775393915476,74.0600635532072,2025-01-01 00:46:00,51,B,GREEN,E,3.43,31,storm,0,1,none
100947,18.686829576129938,73.82875292245299,2025-01-01 00:47:00,70,C,GREEN,E,3.73,176,rain,0,1,none
100948,18.530617692498833,74.14808803477487,2025-01-01 00:48:00,98,B,RED,N,1.4,78,rain,1,1,none
100949,18.961022641947583,73.97181381259098,2025-01-01 00:49:00,67,A,RED,W,4.6,26,clear,0,0,none
100950,18.618808876793263,74.0914623310233,2025-01-01 00:50:00,77,A,RED,N,3.45,71,fog,0,0,none
100951,18.71700663066258,74.09475920063684,2025-01-01 00:51:00,33,C,RED,S,0.88,65,clear,1,0,none
100952,18.613229936175802,74.06089461287304,2025-01-01 00:52:00,53,C,YELLOW,W,4.48,61,clear,1,0,none
100953,18.664291203893896,74.12704498075075,2025-01-01 00:53:00,72,A,GREEN,W,2.99,82,storm,0,1,none
100954,18.63724307600513,74.13634140317964,2025-01-01 00:54:00,43,B,GREEN,N,1.88,65,storm,0,1,none
100955,18.981469698200108,73.9072046398638,2025-01-01 00:55:00,57,A,RED,E,4.69,113,clear,0,0,none
100956,18.5620423497989,73.98341076441095,2025-01-01 00:56:00,60,C,YELLOW,N,3.96,172,clear,0,1,none
100957,18.983494953338944,74.0454560936006,2025-01-01 00:57:00,93,C,GREEN,W,1.58,101,storm,0,1,none
100958,18.583076770669397,73.92838797349154,2025-01-01 00:58:00,99,A,YELLOW,E,1.66,148,clear,0,1,none
100959,18.58814605038128,74.12500360868704,2025-01-01 00:59:00,89,A,RED,E,0.64,47,fog,0,1,none
100960,18.53087045127736,74.27502602470337,2025-01-01 00:00:00,69,A,YELLOW,S,4.36,174,clear,0,1,none
100961,18.944940566802675,74.20457998520092,2025-01-01 00:01:00,81,A,RED,W,0.52,133,storm,1,0,none
100962,18.961421916614594,74.04016429560203,2025-01-01 00:02:00,94,C,YELLOW,E,2.96,110,fog,0,1,none
100963,18.534771708351485,74.21469352014243,2025-01-01 00:03:00,52,B,RED,W,3.75,88,rain,0,0,none
100964,18.867561592167885,74.18365244277219,2025-01-01 00:04:00,90,A,GREEN,S,3.75,125,storm,1,1,none
100965,18.71381561589044,73.92105829869605,2025-01-01 00:05:00,75,A,GREEN,N,0.77,148,fog,0,1,signal_violation
100966,18.56899589462531,74.16605404092812,2025-01-01 00:06:00,46,C,YELLOW,W,0.84,20,fog,1,1,none
100967,18.693090838159122,73.98794510190123,2025-01-01 00:07:00,56,A,YELLOW,S,1.21,102,fog,1,1,signal_violation
100968,18.973872397216507,73.81742321994875,2025-01-01 00:08:00,96,C,RED,E,1.45,113,clear,0,1,none
100969,18.553727805135903,74.0506110589118,2025-01-01 00:09:00,77,A,YELLOW,W,0.74,52,rain,1,1,none
100970,18.735852903132532,73.96928339666175,2025-01-01 00:10:00,28,C,GREEN,N,1.42,173,rain,1,0,none
100971,18.532340758845105,74.07851845253222,2025-01-01 00:11:00,53,A,GREEN,W,4.43,62,storm,0,1,none
100972,18.861691357708317,74.18375416772086,2025-01-01 00:12:00,64,A,YELLOW,E,4.89,14,storm,1,1,none
100973,18.7777009995557,74.08375855410158,2025-01-01 00:13:00,20,B,GREEN,N,3.87,108,fog,1,1,none
100974,18.674215411643058,73.93325387310378,2025-01-01 00:14:00,47,C,YELLOW,E,1.1,115,fog,0,1,none
100975,18.63058615491505,74.0789755406306,2025-01-01 00:15:00,95,B,RED,N,3.81,149,clear,0,0,none
100976,18.59404737298958,74.15141633419867,2025-01-01 00:16:00,63,A,YELLOW,N,4.52,69,storm,0,1,none
100977,18.743521973790717,74.21680508516403,2025-01-01 00:17:00,82,B,YELLOW,W,3.88,84,clear,0,1,none
100978,18.94704866089612,74.22594879907602,2025-01-01 00:18:00,28,B,RED,E,0.84,115,rain,1,1,none
100979,18.52926062074516,74.110881060008,2025-01-01 00:19:00,23,B,GREEN,W,3.24,21,rain,0,0,none
100980,18.97686182641467,73.80775474816146,2025-01-01 00:20:00,38,B,YELLOW,N,0.64,36,storm,0,1,signal_violation
100981,18.834922628069712,74.21013137327738,2025-01-01 00:21:00,70,A,YELLOW,N,0.46,72,storm,0,0,none
100982,18.66565995402932,74.00711097838847,2025-01-01 00:22:00,54,C,YELLOW,E,0.71,52,storm,0,1,none
100983,18.693676132805574,73.92069896749872,2025-01-01 00:23:00,70,A,RED,N,0.52,59,rain,1,0,none
100984,18.58746910131138,74.1867401075195,2025-01-01 00:24:00,70,C,RED,S,1.79,177,rain,0,0,none
100985,18.74540545492337,74.23209680130454,2025-01-01 00:25:00,85,C,RED,N,2.87,36,fog,0,1,none
100986,18.952288023956548,73.86622149246014,2025-01-01 00:26:00,25,B,YELLOW,E,3.15,146,clear,0,0,none
100987,18.580215190144195,73.99410305326553,2025-01-01 00:27:00,46,C,GREEN,N,1.76,70,storm,0,1,none
100988,18.51694394840278,74.24422654097944,2025-01-01 00:28:00,99,B,YELLOW,W,3.82,166,storm,1,0,none
100989,18.73553749751695,74.05967476699068,2025-01-01 00:29:00,30,C,RED,S,1.78,152,rain,0,0,none
100990,18.591020005556686,74.08547636439565,2025-01-01 00:30:00,54,A,GREEN,E,1.31,75,clear,1,1,none
100991,18.535348043955484,73.8759142974241,2025-01-01 00:31:00,74,C,RED,W,4.12,102,storm,1,1,none
100992,18.81488426803069,74.16262587389504,2025-01-01 00:32:00,45,C,YELLOW,W,3.92,79,clear,0,1,none
100993,18.973289820159625,73.89394523172095,2025-01-01 00:33:00,25,B,RED,W,0.68,47,clear,1,0,none
100994,18.50469348880111,73.96779213153619,2025-01-01 00:34:00,78,B,GREEN,S,3.37,40,clear,1,0,none
100995,18.88464623080683,74.02131495054643,2025-01-01 00:35:00,92,C,RED,N,0.25,138,storm,0,1,signal_violation
100996,18.823811439030354,74.26850735581738,2025-01-01 00:36:00,87,B,GREEN,N,3.4,132,rain,1,1,none
100997,18.575423922453336,73.87704421427689,2025-01-01 00:37:00,86,C,YELLOW,S,4.32,45,rain,1,1,none
100998,18.92942195389063,73.96473648396626,2025-01-01 00:38:00,21,A,GREEN,S,2.18,88,storm,0,1,none
100999,18.901363524857082,73.93911060376084,2025-01-01 00:39:00,46,A,YELLOW,E,4.9,80,clear,0,0,track_conflict
